0
2
3
5
6
7
8
9
10
13
14
15
16
22
24
27
28
29
32
33
36
37
38
39
40
41
42
46
48
50
51
55
56
57
58
59
60
62
65
66
67
69
70
72
74
75
76
78
79
83
84
92
93
95
96
99
100
101
102
104
106
107
109
110
112
114
116
118
119
120
122
125
127
131
132
134
135
136
137
139
140
141
143
144
146
148
149
152
153
154
155
157
158
160
163
165
167
168
169
170
172
174
175
176
178
179
180
186
188
189
192
194
198
199
200
201
203
204
207
208
209
210
211
214
216
217
220
221
223
224
225
226
227
228
229
230
231
233
235
236
237
238
241
242
243
244
245
246
248
249
250
251
253
257
260
261
262
264
266
267
268
269
270
271
272
274
275
277
278
281
282
283
284
285
286
287
289
293
294
295
296
297
299
300
302
303
304
305
306
307
308
310
311
312
314
316
317
318
319
322
327
328
329
330
331
332
334
335
336
337
338
339
342
344
345
347
348
352
355
358
361
362
363
364
365
367
369
372
375
376
377
378
381
382
383
387
389
390
391
392
394
395
399
400
402
404
406
410
412
413
414
415
418
419
420
422
424
425
428
431
432
433
434
436
438
439
441
446
447
448
449
450
451
452
453
454
455
457
459
460
463
465
466
467
468
469
470
472
473
474
478
479
481
482
483
488
492
493
494
495
496
497
498
499
500
504
505
506
507
508
509
513
514
515
516
519
520
523
525
526
528
529
531
533
534
536
538
541
543
544
545
546
547
548
549
550
551
552
553
554
558
559
560
562
563
565
566
568
571
573
574
575
576
577
578
582
583
584
585
588
589
590
595
596
597
599
601
603
607
608
610
611
615
619
621
624
625
626
627
630
631
633
635
638
639
641
642
643
645
646
647
648
649
650
651
655
657
661
662
663
664
667
673
674
675
676
677
678
679
680
681
682
683
685
686
687
688
689
691
692
697
698
699
700
702
703
706
707
708
709
714
715
717
720
723
724
726
727
729
730
731
734
735
736
737
740
743
744
746
747
748
751
752
757
758
759
761
763
764
765
766
767
769
770
772
773
775
776
779
780
784
785
786
789
794
795
796
797
802
803
804
809
810
811
813
814
816
820
821
823
824
826
827
830
831
832
833
834
835
836
837
838
840
843
844
845
846
847
848
849
850
852
857
858
863
865
868
870
873
875
877
882
883
885
887
888
890
892
893
894
895
896
898
905
907
908
912
913
914
915
917
918
920
921
922
923
924
925
926
929
931
933
935
936
938
939
941
946
947
949
950
951
952
953
954
955
956
957
958
960
962
963
966
970
974
975
977
978
981
982
983
985
987
988
989
990
992
993
994
996
997
998
1000
1001
1004
1006
1007
1008
1009
1010
1011
1012
1013
1014
1015
1016
1017
1019
1022
1023
1024
1025
1027
1028
1029
1031
1032
1033
1036
1037
1040
1041
1043
1044
1046
1047
1048
1052
1053
1054
1055
1057
1058
1061
1062
1063
1065
1067
1069
1070
1073
1074
1075
1079
1080
1081
1084
1085
1087
1088
1089
1092
1095
1097
1099
1100
1102
1103
1104
1105
1107
1109
1110
1112
1113
1115
1116
1117
1118
1120
1121
1123
1126
1127
1129
1131
1133
1135
1136
1137
1138
1140
1141
1142
1143
1144
1145
1147
1148
1149
1150
1151
1152
1153
1154
1155
1156
1159
1161
1163
1165
1166
1167
1168
1169
1171
1172
1174
1175
1176
1177
1178
1179
1180
1181
1182
1183
1184
1185
1186
1188
1190
1191
1192
1193
1194
1197
1199
1201
1202
1203
1204
1205
1206
1208
1209
1214
1216
1218
1220
1221
1223
1225
1226
1227
1233
1235
1236
1238
1240
1241
1243
1245
1246
1251
1252
1254
1255
1257
1259
1260
1261
1262
1263
1264
1265
1266
1268
1269
1270
1274
1276
1277
1280
1281
1283
1284
1285
1286
1287
1288
1289
1290
1291
1293
1297
1298
1299
1301
1304
1305
1306
1307
1308
1312
1313
1317
1319
1321
1322
1323
1325
1326
1329
1332
1333
1336
1339
1341
1345
1346
1349
1350
1351
1352
1355
1357
1359
1360
1362
1363
1366
1368
1371
1372
1373
1374
1377
1378
1380
1381
1382
1383
1384
1385
1386
1389
1390
1393
1394
1396
1397
1398
1399
1400
1401
1402
1405
1406
1407
1408
1411
1413
1414
1415
1416
1417
1418
1422
1425
1427
1430
1431
1432
1435
1437
1438
1439
1441
1443
1444
1446
1449
1451
1452
1454
1455
1457
1458
1459
1461
1463
1464
1466
1467
1470
1471
1472
1473
1475
1476
1477
1478
1481
1482
1483
1484
1485
1487
1488
1490
1491
1494
1500
1501
1503
1504
1509
1512
1515
1517
1520
1521
1522
1523
1524
1525
1526
1527
1528
1530
1532
1533
1534
1535
1536
1537
1540
1541
1544
1545
1549
1551
1553
1554
1555
1556
1559
1563
1564
1566
1567
1568
1569
1570
1571
1572
1573
1574
1575
1576
1578
1583
1584
1586
1589
1590
1591
1592
1594
1596
1598
1599
1603
1604
1606
1610
1611
1612
1613
1616
1617
1618
1619
1620
1622
1624
1625
1626
1627
1629
1632
1633
1634
1638
1639
1640
1642
1643
1644
1645
1646
1647
1648
1649
1650
1651
1652
1654
1655
1656
1657
1658
1660
1661
1662
1663
1665
1668
1669
1671
1672
1675
1676
1678
1682
1684
1686
1688
1689
1690
1694
1695
1697
1698
1699
1700
1709
1710
1711
1714
1715
1716
1717
1719
1720
1722
1723
1724
1725
1726
1728
1729
1733
1734
1735
1736
1738
1739
1740
1741
1742
1744
1746
1750
1752
1755
1756
1757
1758
1761
1762
1763
1764
1765
1766
1767
1768
1769
1771
1772
1773
1774
1775
1776
1777
1778
1780
1781
1782
1783
1785
1788
1789
1790
1792
1793
1794
1795
1797
1798
1799
1802
1804
1805
1806
1808
1809
1812
1813
1814
1815
1816
1818
1819
1820
1822
1823
1828
1829
1830
1833
1834
1835
1836
1837
1838
1839
1840
1842
1845
1846
1847
1849
1850
1851
1852
1853
1856
1858
1860
1861
1863
1865
1866
1867
1868
1870
1871
1873
1874
1875
1877
1879
1880
1881
1882
1883
1884
1885
1888
1889
1890
1891
1892
1893
1898
1899
1901
1905
1906
1908
1909
1911
1912
1914
1916
1920
1924
1925
1929
1930
1932
1935
1936
1937
1939
1940
1943
1945
1946
1948
1951
1952
1953
1954
1955
1958
1961
1963
1964
1966
1967
1968
1973
1975
1976
1977
1979
1980
1981
1982
1984
1989
1990
1993
1994
1995
1997
1999
2000
2001
2002
2004
2005
2008
2010
2012
2013
2014
2016
2017
2018
2020
2022
2023
2024
2025
2027
2029
2030
2033
2035
2036
2037
2039
2040
2041
2042
2044
2046
2047
2048
2050
2051
2053
2054
2055
2058
2059
2060
2065
2068
2069
2070
2071
2073
2074
2076
2077
2078
2079
2080
2081
2082
2083
2086
2089
2090
2091
2093
2094
2095
2096
2097
2099
2100
2101
2102
2104
2105
2106
2108
2110
2111
2112
2113
2115
2116
2117
2120
2125
2126
2127
2128
2129
2130
2133
2136
2137
2138
2140
2141
2142
2144
2145
2146
2149
2153
2154
2157
2158
2159
2160
2161
2165
2167
2168
2169
2172
2175
2178
2179
2180
2181
2182
2184
2185
2187
2189
2190
2191
2198
2199
2201
2202
2204
2205
2206
2207
2208
2209
2210
2211
2212
2213
2214
2215
2216
2218
2219
2220
2222
2223
2225
2226
2227
2230
2233
2235
2236
2237
2238
2241
2243
2244
2249
2250
2252
2254
2255
2256
2257
2259
2260
2261
2262
2263
2264
2265
2268
2273
2274
2275
2276
2277
2278
2279
2280
2281
2283
2286
2288
2290
2293
2295
2296
2297
2298
2305
2307
2308
2311
2312
2313
2316
2320
2321
2323
2324
2327
2328
2329
2334
2335
2336
2337
2338
2340
2341
2342
2345
2350
2351
2352
2353
2354
2355
2356
2357
2359
2360
2361
2362
2364
2368
2371
2372
2374
2375
2376
2377
2378
2380
2381
2384
2387
2388
2389
2391
2394
2395
2397
2401
2405
2406
2407
2408
2410
2411
2412
2413
2414
2416
2417
2418
2419
2420
2421
2422
2423
2424
2426
2427
2428
2432
2433
2434
2436
2437
2440
2441
2443
2444
2447
2448
2453
2454
2455
2458
2459
2462
2465
2466
2467
2470
2471
2472
2473
2474
2477
2479
2482
2484
2486
2488
2489
2490
2491
2492
2493
2495
2496
2500
2501
2502
2503
2506
2507
2509
2510
2512
2514
2518
2519
2522
2524
2525
2526
2527
2529
2530
2531
2532
2534
2538
2539
2540
2541
2544
2545
2546
2547
2548
2549
2551
2552
2555
2556
2558
2559
2560
2561
2564
2565
2567
2568
2569
2570
2571
2572
2574
2575
2576
2577
2579
2580
2581
2584
2588
2590
2592
2595
2597
2598
2599
2600
2601
2603
2605
2607
2608
2609
2610
2611
2613
2614
2618
2619
2620
2621
2622
2623
2626
2627
2629
2633
2634
2635
2636
2639
2642
2643
2645
2649
2650
2651
2652
2654
2655
2658
2660
2662
2663
2665
2666
2668
2670
2671
2672
2673
2674
2675
2678
2679
2680
2681
2682
2683
2684
2686
2687
2689
2692
2693
2696
2697
2699
2700
2701
2702
2703
2704
2705
2706
2710
2712
2713
2714
2715
2717
2719
2720
2721
2722
2723
2724
2726
2727
2728
2729
2730
2731
2732
2734
2735
2736
2737
2740
2742
2743
2744
2745
2746
2747
2749
2750
2751
2753
2755
2759
2760
2762
2765
2766
2768
2770
2771
2777
2778
2780
2783
2785
2787
2788
2789
2791
2793
2796
2797
2798
2801
2803
2805
2806
2808
2810
2811
2813
2814
2815
2819
2820
2822
2823
2824
2825
2827
2828
2829
2832
2833
2834
2836
2838
2839
2840
2841
2842
2843
2844
2846
2847
2849
2852
2853
2856
2857
2860
2861
2863
2865
2870
2871
2872
2873
2876
2877
2878
2879
2880
2881
2883
2884
2885
2887
2888
2889
2892
2894
2896
2898
2899
2901
2905
2906
2907
2908
2909
2910
2912
2914
2915
2916
2918
2919
2920
2925
2927
2928
2929
2930
2931
2932
2934
2939
2940
2941
2943
2948
2950
2951
2953
2955
2957
2958
2959
2960
2963
2964
2965
2969
2971
2972
2973
2974
2975
2977
2978
2979
2980
2981
2982
2985
2986
2987
2990
2991
2995
2996
2997
2998
2999
3000
3001
3002
3003
3005
3008
3010
3011
3013
3016
3018
3019
3020
3021
3022
3024
3025
3030
3031
3032
3034
3035
3036
3037
3040
3042
3043
3045
3046
3048
3049
3052
3055
3056
3058
3059
3060
3061
3066
3068
3069
3074
3075
3077
3078
3080
3081
3082
3085
3086
3088
3089
3091
3092
3094
3095
3096
3097
3098
3099
3100
3101
3102
3103
3105
3106
3107
3109
3111
3114
3117
3119
3120
3127
3130
3134
3135
3136
3138
3139
3140
3141
3142
3143
3144
3145
3148
3149
3150
3151
3152
3153
3155
3156
3158
3159
3161
3162
3163
3164
3165
3166
3167
3172
3173
3174
3175
3176
3178
3180
3182
3184
3185
3188
3189
3190
3191
3192
3193
3194
3195
3196
3197
3198
3201
3202
3205
3209
3210
3211
3213
3216
3217
3218
3219
3221
3222
3224
3225
3226
3227
3229
3230
3232
3233
3234
3235
3236
3238
3239
3241
3243
3244
3245
3246
3247
3248
3250
3251
3253
3259
3263
3264
3265
3267
3270
3271
3273
3274
3275
3276
3277
3278
3279
3280
3281
3282
3285
3287
3291
3293
3294
3295
3296
3297
3298
3299
3302
3304
3305
3306
3307
3309
3311
3312
3315
3317
3321
3322
3326
3327
3330
3331
3332
3333
3336
3338
3339
3341
3342
3344
3345
3346
3347
3348
3349
3350
3351
3353
3354
3355
3356
3357
3358
3359
3363
3365
3366
3367
3370
3375
3377
3378
3379
3380
3383
3387
3388
3393
3394
3395
3398
3402
3404
3407
3410
3411
3412
3414
3415
3416
3417
3418
3420
3422
3424
3425
3426
3428
3430
3432
3434
3435
3436
3437
3438
3440
3441
3444
3448
3449
3451
3454
3455
3457
3459
3462
3463
3464
3466
3472
3473
3475
3476
3478
3479
3484
3485
3486
3487
3488
3489
3490
3494
3497
3500
3501
3503
3504
3507
3509
3511
3513
3515
3516
3517
3519
3520
3521
3522
3525
3530
3532
3534
3535
3536
3538
3539
3540
3541
3542
3544
3547
3548
3549
3551
3552
3553
3554
3555
3557
3558
3559
3560
3562
3563
3566
3567
3570
3571
3572
3573
3574
3577
3579
3580
3581
3585
3587
3591
3592
3593
3596
3597
3599
3601
3602
3606
3608
3609
3610
3611
3612
3613
3615
3616
3617
3619
3622
3623
3624
3626
3628
3629
3630
3631
3632
3633
3634
3635
3638
3639
3641
3643
3646
3648
3649
3650
3651
3652
3653
3655
3657
3658
3660
3662
3664
3665
3666
3667
3668
3672
3673
3675
3676
3678
3683
3684
3686
3688
3692
3694
3697
3698
3700
3704
3706
3707
3708
3709
3710
3711
3712
3714
3715
3717
3718
3719
3721
3722
3725
3727
3729
3731
3732
3733
3734
3735
3737
3739
3740
3742
3743
3744
3745
3748
3751
3752
3753
3755
3756
3758
3759
3764
3766
3768
3769
3770
3771
3772
3774
3775
3777
3778
3780
3783
3784
3785
3786
3788
3790
3791
3793
3794
3795
3796
3797
3799
3800
3801
3803
3807
3810
3811
3813
3814
3817
3822
3823
3825
3828
3829
3830
3832
3834
3837
3839
3840
3841
3844
3846
3847
3848
3849
3851
3852
3856
3857
3858
3859
3860
3861
3862
3863
3864
3865
3870
3871
3872
3873
3874
3876
3877
3878
3879
3880
3882
3883
3886
3887
3889
3890
3891
3892
3895
3897
3902
3904
3905
3906
3907
3908
3909
3910
3912
3915
3916
3919
3920
3922
3926
3928
3929
3931
3933
3934
3935
3936
3938
3940
3941
3942
3943
3944
3945
3949
3951
3952
3954
3956
3958
3959
3960
3962
3964
3966
3967
3968
3969
3970
3971
3972
3973
3975
3976
3977
3980
3981
3982
3984
3985
3986
3987
3989
3992
3993
3995
3996
3998
4001
4002
4003
4004
4006
4007
4008
4010
4012
4016
4018
4021
4022
4027
4030
4031
4032
4034
4035
4036
4037
4038
4039
4040
4042
4043
4047
4048
4049
4051
4053
4054
4055
4058
4059
4061
4063
4066
4067
4069
4071
4072
4073
4074
4077
4080
4082
4085
4087
4088
4089
4090
4091
4092
4093
4094
4095
4096
4098
4099
4100
4101
4103
4104
4105
4106
4107
4108
4109
4110
4111
4113
4114
4115
4116
4117
4118
4119
4122
4123
4127
4130
4133
4134
4136
4137
4138
4139
4140
4141
4143
4144
4145
4146
4148
4150
4151
4152
4155
4156
4157
4158
4160
4162
4163
4166
4170
4171
4172
4173
4175
4176
4179
4181
4183
4185
4186
4187
4188
4191
4193
4194
4195
4196
4197
4198
4199
4201
4202
4203
4204
4206
4207
4208
4213
4215
4216
4217
4218
4219
4220
4221
4222
4224
4225
4227
4229
4230
4231
4232
4234
4238
4239
4240
4241
4242
4243
4244
4245
4246
4248
4249
4252
4253
4254
4255
4257
4258
4259
4262
4263
4264
4265
4266
4268
4270
4271
4272
4274
4276
4279
4281
4284
4286
4287
4288
4289
4290
4292
4293
4296
4297
4299
4300
4301
4302
4303
4304
4306
4308
4311
4312
4316
4317
4318
4319
4321
4322
4324
4326
4332
4333
4334
4338
4339
4340
4341
4342
4344
4347
4352
4353
4354
4355
4356
4363
4365
4366
4368
4370
4371
4372
4373
4374
4376
4378
4381
4382
4383
4384
4389
4390
4391
4395
4396
4398
4399
4400
4401
4402
4405
4406
4409
4410
4411
4412
4414
4416
4417
4422
4423
4424
4427
4429
4435
4436
4437
4438
4439
4441
4443
4444
4445
4447
4448
4449
4452
4454
4457
4458
4459
4461
4462
4463
4465
4466
4467
4468
4471
4472
4473
4475
4477
4478
4479
4480
4482
4483
4485
4486
4487
4489
4490
4491
4492
4493
4496
4497
4498
4499
4500
4501
4502
4503
4505
4506
4507
4510
4515
4517
4521
4524
4526
4529
4530
4532
4534
4535
4538
4542
4544
4549
4550
4551
4554
4555
4558
4559
4561
4564
4565
4567
4568
4571
4573
4575
4576
4577
4578
4579
4580
4584
4585
4586
4587
4589
4590
4595
4596
4597
4598
4599
4600
4603
4605
4609
4612
4614
4615
4616
4618
4619
4620
4621
4623
4624
4625
4626
4628
4634
4635
4641
4642
4643
4644
4646
4650
4651
4652
4657
4659
4660
4661
4663
4664
4665
4667
4669
4671
4672
4674
4675
4678
4681
4682
4683
4684
4685
4692
4695
4697
4698
4699
4701
4705
4706
4709
4711
4712
4713
4714
4715
4716
4718
4722
4724
4726
4727
4728
4729
4730
4731
4733
4734
4735
4736
4739
4740
4741
4743
4744
4746
4748
4749
4752
4753
4756
4757
4760
4763
4764
4765
4767
4768
4769
4770
4771
4772
4773
4774
4775
4777
4778
4779
4780
4781
4782
4783
4784
4786
4790
4791
4795
4797
4798
4801
4804
4805
4806
4807
4808
4809
4811
4813
4814
4815
4819
4820
4823
4824
4825
4826
4827
4828
4829
4835
4839
4840
4841
4842
4843
4844
4845
4846
4849
4851
4852
4853
4855
4856
4859
4861
4862
4863
4865
4866
4867
4868
4869
4870
4871
4874
4877
4878
4880
4881
4882
4883
4885
4886
4887
4888
4889
4890
4891
4892
4893
4894
4895
4896
4898
4900
4902
4903
4904
4905
4908
4909
4911
4912
4914
4915
4917
4918
4921
4922
4923
4924
4925
4926
4927
4928
4930
4931
4933
4934
4935
4936
4941
4942
4943
4944
4945
4947
4950
4953
4957
4959
4961
4962
4963
4965
4966
4968
4969
4970
4972
4974
4977
4980
4981
4983
4984
4989
4991
4992
4994
4995
4996
4997
4999
5001
5004
5005
5008
5009
5010
5011
5012
5014
5016
5017
5021
5024
5026
5027
5028
5029
5030
5031
5032
5034
5035
5036
5038
5039
5040
5043
5046
5047
5048
5049
5051
5053
5054
5055
5056
5057
5058
5059
5061
5062
5063
5064
5066
5067
5068
5069
5073
5077
5078
5080
5081
5084
5086
5089
5090
5093
5097
5098
5099
5101
5102
5103
5104
5106
5107
5110
5111
5112
5114
5116
5117
5118
5124
5125
5129
5132
5133
5136
5137
5139
5140
5141
5142
5143
5147
5149
5151
5153
5154
5155
5156
5158
5161
5162
5163
5164
5165
5166
5167
5169
5171
5172
5174
5175
5176
5177
5178
5179
5180
5181
5183
5184
5186
5187
5188
5189
5190
5192
5193
5194
5195
5196
5197
5201
5203
5204
5206
5207
5212
5216
5220
5222
5223
5225
5228
5229
5230
5233
5235
5236
5238
5239
5244
5246
5248
5250
5251
5253
5254
5255
5257
5258
5259
5261
5262
5263
5264
5265
5266
5267
5268
5269
5270
5271
5273
5274
5276
5277
5278
5279
5280
5283
5287
5290
5291
5292
5297
5298
5299
5300
5301
5302
5304
5307
5308
5311
5314
5315
5316
5318
5321
5322
5323
5325
5327
5328
5329
5331
5334
5336
5340
5341
5342
5343
5345
5347
5348
5349
5350
5351
5352
5353
5359
5360
5363
5364
5366
5368
5369
5375
5376
5377
5379
5381
5383
5388
5390
5393
5397
5398
5401
5402
5403
5405
5408
5409
5411
5412
5413
5414
5415
5416
5419
5420
5422
5423
5424
5429
5430
5431
5433
5434
5435
5436
5437
5440
5442
5444
5446
5447
5448
5449
5450
5451
5452
5455
5459
5462
5463
5465
5467
5469
5470
5475
5476
5477
5478
5479
5480
5483
5484
5486
5488
5490
5491
5492
5493
5494
5496
5497
5498
5499
5500
5502
5504
5505
5509
5511
5512
5513
5516
5517
5519
5523
5525
5529
5530
5532
5533
5538
5541
5542
5543
5544
5545
5548
5550
5551
5552
5553
5554
5555
5556
5557
5558
5559
5560
5561
5562
5566
5567
5569
5570
5571
5572
5575
5576
5580
5581
5582
5583
5584
5586
5587
5588
5589
5590
5593
5594
5595
5597
5600
5602
5603
5606
5607
5608
5609
5610
5614
5620
5622
5623
5624
5625
5626
5627
5628
5630
5632
5634
5636
5637
5640
5642
5646
5647
5649
5652
5653
5654
5655
5656
5658
5660
5664
5669
5670
5671
5672
5673
5674
5675
5678
5679
5681
5682
5683
5684
5685
5686
5688
5690
5692
5693
5694
5695
5697
5698
5699
5700
5701
5702
5703
5706
5707
5708
5709
5710
5712
5713
5715
5716
5718
5719
5720
5721
5723
5725
5727
5729
5730
5731
5734
5735
5736
5739
5740
5741
5744
5745
5746
5751
5752
5755
5757
5758
5759
5760
5761
5762
5764
5765
5766
5770
5771
5772
5773
5774
5775
5777
5779
5780
5783
5784
5787
5789
5790
5791
5794
5796
5797
5799
5800
5801
5802
5803
5804
5807
5811
5813
5814
5815
5817
5819
5820
5821
5827
5828
5831
5833
5834
5835
5836
5837
5838
5840
5841
5845
5846
5848
5849
5852
5854
5855
5856
5858
5859
5860
5861
5862
5863
5866
5867
5869
5870
5874
5875
5876
5877
5878
5879
5881
5882
5883
5884
5888
5890
5892
5893
5895
5896
5898
5899
5900
5902
5903
5904
5905
5907
5908
5909
5910
5912
5913
5918
5920
5921
5923
5925
5926
5929
5930
5931
5936
5937
5939
5940
5941
5944
5947
5948
5949
5950
5951
5953
5954
5955
5956
5957
5959
5960
5962
5963
5965
5966
5969
5971
5972
5973
5974
5975
5976
5978
5980
5981
5983
5984
5986
5988
5989
5992
5998
6000
6001
6006
6007
6008
6013
6014
6015
6016
6018
6020
6021
6022
6025
6027
6030
6031
6032
6033
6034
6036
6039
6040
6041
6043
6046
6047
6048
6050
6051
6057
6058
6062
6063
6064
6066
6067
6068
6069
6070
6071
6072
6074
6075
6076
6078
6079
6080
6081
6082
6083
6089
6090
6091
6092
6093
6095
6096
6097
6099
6101
6102
6103
6106
6107
6110
6111
6113
6116
6118
6119
6120
6121
6122
6125
6126
6128
6129
6130
6132
6133
6134
6135
6136
6138
6139
6141
6143
6144
6148
6151
6152
6159
6160
6161
6164
6165
6166
6167
6168
6170
6175
6177
6179
6180
6181
6182
6183
6184
6186
6187
6188
6190
6192
6193
6195
6197
6198
6201
6204
6206
6210
6214
6215
6216
6217
6218
6219
6220
6222
6223
6224
6226
6231
6233
6234
6235
6236
6237
6238
6239
6243
6245
6246
6250
6251
6253
6254
6257
6258
6263
6264
6267
6268
6270
6272
6274
6275
6276
6277
6278
6279
6280
6281
6283
6286
6290
6291
6292
6294
6297
6298
6299
6300
6301
6302
6303
6305
6307
6311
6314
6315
6317
6318
6319
6321
6322
6325
6326
6329
6331
6332
6334
6337
6338
6339
6340
6342
6344
6345
6346
6348
6349
6351
6352
6353
6355
6363
6364
6365
6367
6368
6369
6370
6371
6372
6373
6375
6376
6378
6379
6382
6384
6385
6387
6388
6391
6392
6396
6397
6399
6400
6401
6402
6404
6406
6408
6409
6410
6414
6415
6417
6419
6420
6421
6422
6423
6426
6427
6429
6430
6432
6433
6435
6436
6437
6438
6442
6444
6445
6446
6447
6448
6452
6454
6456
6459
6460
6461
6462
6463
6466
6467
6469
6470
6472
6476
6477
6478
6479
6480
6481
6483
6485
6486
6488
6490
6492
6494
6495
6496
6497
6499
6500
6503
6504
6505
6506
6508
6510
6511
6512
6513
6514
6518
6522
6525
6530
6531
6533
6538
6539
6541
6542
6544
6548
6549
6550
6551
6552
6554
6555
6557
6558
6559
6560
6561
6563
6565
6570
6571
6572
6575
6576
6577
6579
6580
6582
6583
6584
6585
6586
6588
6590
6591
6592
6593
6594
6595
6598
6599
6600
6601
6602
6603
6605
6606
6608
6610
6611
6612
6614
6615
6616
6617
6618
6619
6621
6624
6625
6626
6627
6628
6629
6630
6631
6634
6635
6637
6640
6642
6643
6645
6647
6648
6649
6650
6651
6652
6654
6655
6657
6658
6659
6660
6661
6663
6665
6666
6667
6668
6670
6671
6673
6674
6675
6677
6678
6680
6684
6686
6688
6690
6691
6692
6693
6694
6697
6698
6699
6700
6701
6702
6706
6707
6708
6709
6711
6712
6713
6714
6715
6716
6717
6718
6721
6722
6723
6725
6726
6727
6728
6729
6730
6731
6732
6733
6738
6739
6740
6741
6742
6743
6745
6746
6747
6748
6751
6752
6753
6754
6755
6758
6761
6768
6770
6771
6772
6773
6775
6776
6777
6778
6779
6781
6782
6784
6786
6787
6790
6791
6794
6797
6798
6799
6800
6801
6802
6804
6806
6807
6808
6809
6812
6813
6815
6817
6818
6820
6821
6824
6829
6831
6833
6834
6835
6836
6837
6838
6839
6841
6842
6843
6845
6846
6847
6848
6849
6850
6852
6855
6857
6859
6860
6862
6863
6866
6869
6870
6872
6873
6882
6883
6885
6888
6892
6893
6895
6898
6899
6900
6901
6902
6903
6906
6907
6909
6910
6913
6915
6917
6919
6920
6922
6923
6924
6927
6928
6930
6932
6933
6934
6935
6936
6941
6942
6943
6945
6946
6951
6952
6953
6954
6955
6957
6958
6959
6960
6961
6962
6963
6964
6965
6967
6968
6970
6972
6973
6974
6975
6976
6977
6978
6979
6980
6981
6982
6984
6985
6986
6987
6992
6993
6996
6998
6999
7002
7007
7008
7009
7010
7011
7012
7013
7014
7015
7016
7017
7021
7022
7023
7025
7028
7030
7034
7035
7036
7040
7041
7042
7043
7045
7047
7048
7049
7050
7051
7052
7053
7055
7056
7057
7061
7062
7066
7067
7068
7070
7073
7074
7075
7077
7078
7079
7083
7085
7086
7087
7090
7091
7092
7093
7095
7096
7099
7100
7102
7104
7107
7108
7109
7111
7112
7113
7114
7117
7119
7120
7123
7124
7125
7126
7129
7130
7131
7132
7134
7135
7136
7138
7142
7143
7144
7146
7148
7150
7151
7154
7155
7157
7158
7159
7160
7161
7162
7165
7167
7168
7170
7171
7172
7173
7174
7175
7176
7179
7181
7186
7187
7188
7191
7192
7196
7197
7198
7200
7201
7202
7205
7207
7208
7209
7210
7211
7214
7216
7218
7222
7223
7224
7225
7227
7231
7232
7235
7240
7241
7242
7243
7245
7246
7247
7249
7250
7252
7253
7254
7255
7257
7258
7259
7260
7264
7265
7268
7269
7270
7271
7272
7273
7274
7275
7276
7277
7278
7280
7282
7283
7284
7286
7288
7293
7294
7296
7297
7298
7299
7300
7303
7304
7305
7306
7308
7309
7310
7311
7312
7314
7315
7316
7318
7320
7322
7324
7325
7327
7329
7332
7333
7334
7336
7337
7339
7343
7344
7348
7349
7351
7354
7355
7356
7357
7358
7359
7360
7361
7362
7365
7366
7367
7368
7369
7370
7373
7374
7375
7377
7378
7380
7383
7386
7388
7390
7392
7393
7395
7401
7402
7403
7407
7409
7411
7412
7413
7417
7419
7420
7422
7424
7429
7431
7433
7434
7435
7436
7439
7440
7444
7445
7446
7447
7448
7450
7451
7452
7454
7455
7457
7458
7459
7461
7462
7463
7464
7465
7467
7468
7470
7474
7476
7477
7478
7480
7484
7486
7488
7490
7492
7493
7494
7495
7498
7499
7500
7502
7503
7504
7505
7506
7507
7508
7509
7510
7511
7513
7514
7515
7516
7517
7520
7522
7523
7524
7526
7527
7529
7530
7532
7535
7538
7541
7543
7544
7545
7546
7547
7549
7550
7552
7554
7555
7556
7557
7558
7559
7560
7561
7562
7563
7565
7568
7569
7570
7571
7572
7577
7578
7579
7580
7581
7582
7584
7585
7586
7587
7588
7589
7590
7591
7592
7595
7596
7600
7604
7605
7610
7611
7612
7614
7616
7619
7620
7621
7624
7626
7627
7628
7629
7630
7632
7633
7634
7635
7636
7637
7638
7639
7640
7644
7646
7648
7650
7653
7654
7655
7656
7660
7664
7665
7667
7668
7673
7674
7675
7676
7677
7678
7681
7682
7683
7684
7687
7688
7689
7690
7692
7693
7696
7697
7698
7699
7701
7702
7703
7704
7706
7707
7708
7710
7714
7716
7717
7718
7719
7720
7721
7722
7723
7726
7728
7729
7731
7735
7737
7738
7741
7742
7743
7745
7746
7747
7749
7751
7753
7754
7755
7757
7759
7760
7764
7766
7767
7768
7769
7770
7771
7772
7773
7775
7776
7777
7781
7783
7785
7786
7787
7788
7789
7790
7791
7793
7794
7795
7797
7801
7803
7805
7806
7808
7810
7811
7813
7814
7816
7817
7818
7819
7820
7824
7826
7828
7832
7833
7834
7835
7838
7840
7841
7844
7845
7846
7847
7848
7849
7850
7851
7852
7856
7857
7858
7859
7860
7861
7862
7863
7864
7866
7867
7871
7873
7874
7877
7878
7879
7880
7881
7882
7883
7885
7889
7890
7891
7892
7895
7898
7900
7902
7904
7906
7907
7908
7909
7911
7912
7915
7917
7918
7922
7925
7926
7930
7932
7936
7938
7941
7942
7944
7945
7946
7947
7948
7950
7951
7952
7953
7954
7955
7956
7958
7962
7964
7965
7967
7972
7975
7976
7977
7981
7982
7984
7985
7986
7987
7988
7989
7991
7993
7994
7995
7996
7997
7999
8000
8004
8005
8006
8008
8010
8012
8013
8014
8016
8020
8022
8023
8024
8027
8028
8029
8032
8034
8035
8036
8037
8040
8041
8043
8046
8049
8051
8054
8058
8059
8060
8061
8062
8067
8068
8069
8070
8071
8072
8073
8074
8075
8076
8077
8078
8079
8080
8081
8083
8084
8087
8088
8089
8090
8093
8094
8095
8098
8099
8100
8101
8103
8104
8107
8109
8110
8111
8112
8114
8116
8119
8120
8121
8123
8124
8125
8126
8127
8129
8130
8131
8132
8134
8135
8136
8139
8141
8142
8143
8144
8145
8147
8148
8152
8153
8154
8157
8158
8161
8162
8163
8164
8165
8166
8168
8174
8177
8178
8179
8180
8181
8182
8183
8184
8185
8186
8188
8189
8191
8193
8194
8195
8196
8198
8199
8200
8201
8202
8205
8206
8208
8209
8210
8211
8212
8213
8217
8218
8219
8221
8222
8225
8227
8228
8229
8230
8232
8233
8234
8235
8236
8239
8241
8242
8244
8249
8252
8254
8255
8257
8258
8262
8264
8265
8269
8271
8272
8275
8276
8278
8279
8280
8281
8282
8283
8285
8286
8287
8291
8292
8293
8294
8296
8297
8298
8299
8300
8301
8302
8303
8304
8306
8311
8313
8315
8320
8322
8326
8328
8330
8339
8340
8342
8343
8345
8346
8347
8348
8352
8353
8355
8357
8358
8360
8361
8363
8364
8365
8366
8374
8376
8377
8380
8381
8386
8387
8394
8396
8397
8398
8400
8401
8402
8403
8405
8408
8409
8411
8412
8417
8418
8420
8421
8422
8423
8424
8425
8426
8429
8430
8431
8433
8435
8436
8437
8440
8441
8442
8443
8444
8446
8447
8450
8451
8452
8453
8455
8456
8459
8462
8463
8464
8465
8466
8467
8469
8471
8472
8474
8475
8476
8477
8479
8480
8483
8485
8486
8489
8491
8492
8494
8496
8497
8500
8501
8503
8504
8505
8507
8510
8513
8515
8517
8518
8520
8521
8526
8528
8529
8530
8533
8535
8538
8539
8544
8548
8549
8554
8555
8557
8558
8560
8562
8564
8565
8566
8568
8573
8576
8577
8578
8579
8580
8581
8582
8584
8585
8586
8588
8589
8590
8595
8596
8597
8599
8602
8605
8606
8607
8608
8609
8610
8611
8614
8616
8617
8618
8619
8625
8626
8627
8628
8629
8630
8631
8632
8637
8638
8639
8640
8641
8643
8644
8645
8646
8647
8648
8651
8652
8655
8657
8658
8659
8660
8661
8662
8663
8666
8667
8668
8670
8673
8675
8676
8677
8679
8681
8682
8685
8687
8688
8689
8691
8692
8693
8694
8695
8696
8697
8699
8701
8702
8703
8704
8705
8707
8709
8710
8711
8712
8713
8714
8715
8717
8718
8719
8720
8721
8723
8724
8727
8731
8735
8736
8739
8740
8743
8744
8746
8748
8749
8750
8752
8753
8756
8757
8758
8760
8761
8762
8763
8764
8765
8766
8767
8768
8769
8770
8771
8773
8775
8776
8777
8781
8783
8784
8787
8788
8789
8792
8793
8794
8796
8797
8799
8800
8803
8804
8806
8807
8808
8809
8811
8814
8815
8816
8817
8818
8819
8823
8824
8825
8827
8828
8830
8831
8832
8833
8836
8838
8840
8844
8846
8847
8849
8851
8852
8853
8854
8855
8857
8858
8859
8860
8861
8862
8863
8864
8865
8866
8867
8868
8870
8871
8872
8873
8874
8876
8877
8878
8881
8884
8886
8887
8888
8890
8895
8896
8897
8898
8899
8900
8901
8902
8903
8904
8905
8906
8907
8911
8914
8915
8919
8920
8921
8922
8923
8924
8926
8928
8930
8931
8933
8936
8939
8941
8943
8944
8945
8946
8948
8951
8954
8956
8958
8960
8961
8962
8963
8964
8965
8967
8968
8969
8970
8971
8972
8974
8975
8976
8977
8979
8980
8981
8983
8984
8985
8986
8987
8988
8989
8990
8991
8992
8993
8995
8996
9001
9002
9004
9005
9007
9008
9010
9012
9016
9019
9021
9023
9024
9026
9027
9028
9029
9030
9033
9034
9035
9036
9037
9040
9041
9042
9044
9046
9047
9049
9050
9051
9052
9053
9054
9055
9056
9057
9058
9061
9067
9070
9071
9072
9073
9074
9075
9076
9077
9078
9079
9080
9083
9086
9088
9089
9091
9092
9099
9102
9103
9104
9106
9108
9111
9112
9113
9114
9116
9119
9120
9122
9123
9125
9127
9128
9129
9131
9132
9133
9135
9136
9137
9138
9139
9140
9142
9145
9152
9154
9157
9158
9160
9163
9165
9167
9169
9170
9171
9172
9173
9174
9175
9176
9177
9179
9181
9184
9190
9191
9193
9194
9195
9196
9199
9201
9202
9203
9204
9206
9207
9208
9209
9210
9212
9213
9214
9215
9216
9217
9218
9219
9220
9221
9224
9226
9228
9229
9230
9231
9233
9234
9236
9237
9240
9242
9244
9245
9246
9249
9250
9254
9255
9256
9257
9258
9261
9263
9264
9266
9267
9268
9269
9270
9271
9272
9273
9275
9276
9277
9279
9280
9281
9282
9283
9285
9287
9288
9290
9293
9294
9296
9298
9302
9303
9304
9305
9309
9311
9312
9314
9316
9317
9318
9320
9321
9322
9327
9328
9329
9331
9332
9335
9336
9339
9340
9345
9346
9347
9349
9350
9351
9353
9354
9355
9357
9360
9361
9363
9366
9367
9368
9369
9370
9371
9372
9373
9377
9379
9380
9381
9382
9385
9386
9388
9389
9390
9392
9395
9397
9399
9402
9403
9408
9409
9410
9411
9412
9413
9414
9416
9418
9420
9421
9423
9424
9425
9427
9429
9431
9435
9436
9438
9439
9440
9441
9444
9445
9446
9447
9449
9450
9452
9454
9455
9459
9461
9462
9464
9467
9468
9469
9472
9473
9478
9480
9481
9482
9483
9484
9485
9488
9489
9490
9491
9493
9494
9496
9497
9498
9500
9502
9503
9504
9505
9507
9508
9509
9510
9511
9513
9514
9516
9519
9520
9521
9522
9525
9529
9530
9532
9536
9537
9539
9540
9541
9542
9544
9545
9548
9549
9550
9551
9552
9553
9554
9555
9557
9558
9559
9562
9563
9564
9565
9566
9567
9573
9575
9576
9580
9581
9584
9586
9590
9591
9592
9593
9594
9595
9596
9597
9598
9599
9600
9601
9605
9607
9608
9611
9613
9617
9618
9620
9621
9623
9625
9628
9629
9630
9631
9632
9634
9636
9637
9638
9639
9641
9642
9646
9647
9649
9651
9652
9653
9654
9655
9656
9657
9658
9660
9662
9663
9665
9666
9667
9668
9669
9672
9674
9675
9679
9680
9682
9684
9685
9689
9690
9691
9693
9694
9695
9697
9698
9699
9701
9703
9704
9705
9709
9710
9711
9713
9715
9716
9718
9719
9720
9722
9724
9725
9726
9728
9731
9732
9734
9736
9737
9738
9739
9740
9746
9748
9750
9753
9754
9755
9756
9758
9760
9764
9765
9767
9768
9769
9770
9772
9774
9775
9776
9778
9779
9782
9783
9786
9787
9788
9790
9792
9793
9794
9795
9798
9799
9800
9801
9803
9804
9805
9807
9809
9811
9813
9815
9816
9817
9819
9823
9826
9827
9829
9831
9832
9838
9841
9842
9843
9845
9846
9847
9848
9849
9850
9851
9852
9855
9856
9861
9862
9865
9866
9868
9870
9871
9874
9877
9879
9884
9885
9888
9889
9890
9892
9893
9894
9896
9897
9898
9900
9901
9902
9904
9906
9908
9911
9912
9916
9917
9919
9920
9921
9923
9924
9925
9927
9928
9932
9934
9937
9938
9942
9946
9948
9949
9950
9951
9954
9955
9956
9957
9958
9960
9963
9964
9966
9968
9969
9970
9972
9975
9976
9979
9981
9983
9984
9985
9986
9989
9991
9992
9993
9994
9995
9997
9998
10000
10001
10002
10003
10005
10011
10015
10016
10018
10019
10020
10022
10023
10024
10025
10026
10027
10029
10030
10031
10032
10034
10037
10038
10040
10041
10043
10045
10046
10048
10050
10053
10054
10056
10058
10059
10061
10062
10063
10064
10065
10066
10069
10070
10071
10074
10075
10076
10077
10080
10082
10083
10085
10086
10087
10088
10091
10092
10093
10096
10097
10101
10103
10105
10107
10108
10110
10111
10114
10115
10117
10118
10121
10122
10123
10127
10128
10130
10131
10133
10134
10136
10138
10140
10141
10143
10145
10146
10148
10149
10150
10152
10153
10155
10156
10157
10159
10161
10163
10167
10170
10172
10173
10174
10176
10177
10178
10179
10184
10185
10186
10191
10193
10194
10195
10199
10201
10202
10205
10207
10210
10211
10212
10214
10220
10221
10222
10224
10225
10233
10235
10236
10239
10242
10243
10245
10246
10247
10248
10251
10253
10254
10257
10258
10259
10261
10262
10263
10264
10266
10269
10270
10271
10273
10275
10277
10279
10280
10281
10282
10284
10285
10286
10288
10289
10291
10293
10294
10295
10296
10297
10298
10299
10301
10302
10303
10304
10307
10308
10310
10313
10316
10317
10318
10319
10320
10321
10322
10323
10324
10327
10328
10329
10330
10331
10332
10333
10334
10336
10338
10339
10340
10343
10345
10348
10350
10352
10354
10355
10357
10362
10363
10364
10365
10366
10367
10370
10373
10374
10376
10377
10378
10379
10380
10381
10382
10383
10384
10385
10386
10391
10394
10395
10398
10401
10402
10403
10404
10405
10409
10411
10414
10416
10417
10418
10419
10420
10421
10422
10425
10426
10427
10429
10431
10433
10434
10435
10436
10438
10439
10441
10444
10450
10452
10453
10456
10458
10462
10464
10466
10469
10470
10472
10474
10475
10476
10477
10479
10483
10485
10487
10489
10490
10494
10496
10498
10500
10502
10503
10504
10506
10508
10509
10513
10514
10515
10516
10518
10519
10520
10521
10522
10523
10524
10525
10526
10527
10530
10531
10532
10533
10534
10535
10536
10538
10539
10540
10542
10544
10548
10549
10550
10551
10552
10555
10556
10559
10560
10561
10563
10564
10565
10567
10569
10570
10571
10573
10574
10575
10577
10578
10579
10580
10581
10582
10584
10589
10590
10592
10594
10597
10598
10599
10601
10602
10603
10604
10606
10608
10609
10610
10611
10613
10614
10615
10616
10617
10621
10622
10623
10625
10627
10630
10631
10632
10633
10636
10637
10639
10640
10645
10646
10648
10650
10651
10654
10657
10658
10659
10660
10661
10662
10665
10667
10668
10669
10670
10673
10674
10676
10677
10678
10680
10681
10682
10683
10684
10685
10686
10687
10691
10692
10693
10694
10695
10696
10698
10700
10702
10703
10704
10706
10707
10708
10710
10711
10713
10716
10718
10719
10721
10722
10723
10726
10728
10730
10731
10732
10733
10734
10736
10737
10738
10739
10740
10742
10743
10744
10745
10746
10748
10749
10753
10754
10755
10757
10758
10759
10761
10762
10763
10764
10765
10767
10768
10770
10771
10772
10773
10774
10776
10777
10778
10781
10783
10784
10792
10794
10797
10798
10800
10802
10803
10805
10809
10811
10813
10815
10816
10818
10820
10821
10822
10825
10826
10828
10829
10830
10833
10835
10836
10837
10843
10844
10845
10847
10850
10852
10854
10857
10859
10860
10861
10862
10863
10864
10865
10867
10868
10870
10872
10873
10875
10879
10881
10882
10883
10885
10886
10888
10890
10891
10894
10895
10896
10897
10898
10899
10900
10902
10903
10904
10906
10907
10908
10909
10911
10913
10916
10919
10922
10925
10926
10929
10931
10937
10938
10939
10941
10943
10944
10946
10950
10954
10955
10956
10957
10958
10959
10960
10961
10962
10963
10964
10965
10966
10967
10971
10973
10974
10975
10978
10980
10982
10983
10984
10985
10986
10988
10990
10992
10993
10995
10997
10998
11000
11001
11002
11003
11004
11005
11006
11007
11009
11013
11014
11016
11018
11020
11021
11023
11024
11025
11026
11030
11034
11038
11039
11041
11044
11046
11050
11051
11052
11053
11054
11055
11057
11058
11065
11066
11068
11071
11072
11073
11074
11076
11077
11078
11080
11081
11082
11086
11087
11088
11089
11090
11093
11094
11098
11099
11101
11103
11105
11106
11109
11111
11113
11114
11115
11116
11118
11119
11121
11125
11126
11127
11128
11129
11130
11131
11133
11134
11136
11137
11140
11141
11143
11144
11145
11148
11149
11152
11154
11155
11157
11159
11160
11161
11164
11166
11167
11170
11171
11173
11175
11176
11177
11179
11181
11182
11184
11185
11186
11187
11188
11189
11190
11192
11195
11196
11197
11200
11201
11204
11208
11209
11213
11215
11219
11222
11223
11224
11225
11226
11228
11231
11232
11234
11235
11237
11238
11239
11240
11243
11244
11246
11247
11248
11250
11251
11252
11255
11256
11258
11259
11261
11262
11263
11264
11265
11266
11267
11268
11272
11273
11274
11276
11277
11279
11280
11282
11283
11285
11286
11287
11289
11291
11293
11294
11296
11300
11301
11302
11304
11306
11308
11309
11313
11315
11316
11318
11322
11323
11324
11325
11326
11327
11330
11331
11334
11335
11341
11343
11344
11345
11347
11350
11351
11352
11354
11359
11362
11364
11365
11370
11371
11372
11378
11379
11380
11382
11383
11384
11388
11389
11390
11391
11392
11393
11394
11396
11397
11398
11399
11401
11402
11403
11404
11405
11406
11408
11409
11411
11412
11413
11414
11415
11416
11417
11421
11422
11423
11426
11427
11428
11430
11431
11432
11433
11434
11436
11438
11439
11441
11442
11443
11444
11447
11448
11449
11450
11451
11452
11453
11456
11459
11460
11461
11463
11466
11469
11472
11474
11476
11479
11481
11482
11483
11485
11486
11487
11488
11489
11490
11492
11496
11498
11499
11501
11503
11505
11507
11510
11513
11514
11515
11517
11518
11521
11523
11525
11526
11528
11530
11531
11532
11533
11534
11536
11537
11541
11545
11547
11548
11549
11552
11554
11555
11556
11560
11563
11564
11565
11566
11567
11568
11569
11570
11571
11574
11577
11578
11579
11581
11582
11583
11584
11586
11588
11589
11591
11594
11595
11597
11598
11600
11602
11604
11605
11606
11608
11610
11611
11612
11613
11614
11615
11616
11617
11619
11620
11621
11622
11623
11625
11626
11627
11628
11629
11630
11632
11633
11637
11638
11642
11646
11648
11650
11651
11652
11653
11654
11656
11657
11658
11661
11664
11665
11668
11669
11670
11671
11672
11673
11676
11680
11682
11683
11686
11689
11690
11692
11693
11694
11696
11698
11702
11703
11705
11706
11707
11708
11709
11710
11711
11712
11713
11714
11715
11716
11717
11719
11720
11722
11723
11724
11726
11727
11729
11733
11734
11735
11738
11739
11740
11743
11744
11745
11747
11749
11750
11751
11753
11754
11755
11756
11759
11760
11761
11763
11764
11765
11766
11772
11773
11774
11776
11778
11779
11782
11784
11786
11787
11788
11789
11791
11793
11796
11797
11798
11800
11801
11803
11804
11806
11807
11809
11810
11812
11813
11814
11815
11816
11820
11823
11824
11825
11827
11830
11831
11832
11833
11836
11837
11838
11840
11842
11843
11846
11847
11848
11852
11853
11854
11855
11860
11861
11862
11863
11864
11865
11866
11868
11872
11873
11874
11875
11876
11877
11878
11879
11880
11883
11884
11885
11886
11887
11888
11889
11891
11892
11894
11898
11900
11901
11903
11905
11906
11908
11910
11911
11914
11916
11917
11918
11919
11920
11921
11922
11923
11924
11926
11929
11930
11932
11933
11935
11937
11939
11941
11942
11945
11946
11949
11950
11951
11953
11954
11955
11957
11959
11960
11961
11962
11963
11964
11965
11966
11967
11968
11970
11971
11974
11975
11977
11980
11983
11984
11986
11987
11988
11991
11992
11993
11994
11995
11996
11998
12000
12002
12003
12004
12005
12006
12008
12009
12011
12012
12014
12016
12018
12019
12020
12022
12023
12027
12028
12029
12030
12031
12033
12034
12035
12036
12037
12039
12041
12042
12047
12049
12050
12052
12055
12056
12057
12058
12060
12064
12065
12066
12070
12071
12073
12074
12078
12082
12084
12085
12088
12090
12091
12092
12094
12095
12096
12097
12098
12099
12103
12104
12105
12109
12110
12112
12113
12114
12118
12120
12121
12122
12123
12124
12126
12127
12129
12130
12135
12136
12137
12139
12140
12142
12143
12145
12148
12150
12154
12155
12156
12157
12158
12161
12162
12163
12165
12166
12167
12170
12171
12172
12173
12174
12175
12176
12178
12179
12180
12186
12187
12188
12189
12190
12191
12193
12194
12195
12196
12199
12200
12202
12205
12206
12207
12213
12214
12215
12216
12217
12218
12219
12220
12221
12222
12223
12224
12225
12226
12227
12228
12231
12232
12233
12234
12235
12237
12239
12243
12246
12248
12249
12250
12251
12252
12256
12260
12261
12263
12266
12269
12271
12272
12273
12274
12275
12276
12277
12279
12280
12281
12282
12283
12285
12288
12289
12290
12291
12292
12293
12295
12296
12297
12298
12299
12300
12302
12305
12309
12310
12312
12315
12316
12317
12318
12321
12322
12323
12325
12326
12327
12331
12332
12333
12335
12339
12341
12343
12344
12347
12348
12349
12352
12355
12356
12357
12358
12359
12360
12363
12364
12365
12367
12368
12372
12373
12374
12375
12376
12377
12378
12379
12384
12385
12386
12388
12389
12390
12391
12392
12393
12394
12396
12397
12398
12399
12401
12402
12403
12404
12405
12406
12413
12415
12417
12419
12420
12422
12425
12430
12433
12436
12439
12441
12442
12447
12452
12454
12456
12457
12458
12459
12460
12462
12466
12467
12468
12469
12470
12471
12473
12474
12475
12479
12480
12481
12484
12485
12488
12490
12491
12492
12497
12499
12500
12501
12505
12506
12507
12509
12510
12512
12513
12514
12515
12516
12518
12520
12521
12522
12524
12525
12526
12527
12533
12534
12536
12537
12538
12540
12541
12542
12544
12546
12547
12550
12551
12552
12555
12560
12561
12563
12568
12570
12571
12572
12574
12575
12576
12579
12580
12581
12585
12586
12587
12588
12590
12591
12592
12594
12597
12601
12602
12604
12606
12608
12609
12610
12611
12614
12616
12619
12621
12622
12624
12629
12631
12632
12633
12634
12637
12638
12639
12641
12643
12644
12649
12650
12651
12652
12653
12654
12655
12656
12658
12659
12660
12661
12662
12663
12667
12668
12669
12671
12673
12675
12676
12678
12683
12685
12689
12690
12691
12692
12695
12696
12697
12698
12699
12701
12702
12704
12708
12710
12712
12713
12714
12717
12718
12719
12720
12722
12724
12727
12728
12729
12731
12732
12733
12734
12735
12736
12737
12738
12741
12742
12743
12744
12745
12746
12747
12748
12749
12750
12752
12753
12754
12755
12756
12757
12759
12762
12764
12765
12766
12767
12770
12774
12775
12776
12777
12780
12784
12786
12788
12790
12792
12793
12794
12795
12796
12797
12798
12799
12800
12802
12803
12805
12807
12808
12809
12811
12812
12813
12814
12817
12818
12821
12822
12825
12827
12828
12831
12832
12834
12835
12836
12837
12838
12841
12842
12843
12845
12846
12847
12848
12849
12850
12852
12853
12855
12861
12863
12865
12866
12867
12868
12870
12873
12876
12877
12878
12879
12880
12881
12882
12884
12885
12888
12889
12893
12894
12896
12897
12899
12900
12902
12903
12904
12905
12907
12909
12913
12919
12920
12922
12925
12926
12933
12934
12937
12940
12941
12942
12943
12945
12947
12948
12950
12951
12953
12954
12956
12957
12958
12959
12962
12967
12970
12971
12972
12973
12974
12975
12976
12977
12978
12980
12981
12983
12984
12986
12987
12988
12989
12990
12992
12994
12997
12998
12999
13000
13002
13003
13004
13005
13006
13008
13010
13011
13013
13015
13016
13017
13018
13019
13021
13022
13024
13025
13026
13027
13030
13031
13032
13034
13036
13037
13038
13041
13044
13046
13049
13051
13052
13056
13057
13060
13065
13068
13069
13070
13071
13073
13075
13076
13077
13078
13082
13083
13084
13085
13086
13088
13089
13090
13091
13092
13093
13096
13099
13100
13101
13102
13105
13107
13109
13111
13112
13114
13116
13117
13121
13124
13125
13126
13127
13128
13129
13130
13131
13132
13134
13135
13137
13140
13141
13143
13145
13149
13150
13151
13152
13153
13156
13157
13158
13162
13165
13166
13168
13169
13170
13171
13172
13175
13176
13177
13178
13183
13185
13186
13189
13191
13194
13195
13196
13197
13199
13200
13201
13203
13205
13206
13207
13208
13211
13212
13213
13217
13219
13224
13226
13227
13228
13230
13231
13234
13235
13237
13238
13239
13240
13242
13243
13244
13245
13246
13248
13250
13251
13252
13254
13255
13256
13257
13260
13261
13262
13265
13267
13269
13270
13275
13276
13279
13283
13285
13287
13288
13289
13290
13291
13293
13294
13299
13300
13306
13307
13308
13309
13310
13311
13312
13313
13314
13315
13316
13317
13318
13319
13321
13322
13323
13327
13329
13330
13331
13333
13336
13337
13339
13340
13341
13342
13344
13347
13348
13350
13352
13353
13356
13357
13358
13359
13363
13364
13365
13366
13367
13368
13373
13376
13377
13380
13382
13384
13385
13386
13388
13390
13392
13394
13396
13398
13399
13400
13402
13403
13405
13406
13408
13410
13411
13412
13414
13416
13419
13420
13421
13422
13429
13431
13432
13434
13436
13439
13440
13444
13446
13447
13448
13450
13451
13453
13454
13456
13458
13459
13461
13464
13466
13469
13471
13472
13476
13480
13487
13489
13491
13492
13493
13494
13495
13496
13497
13498
13499
13500
13502
13504
13505
13506
13508
13509
13511
13512
13513
13514
13520
13521
13522
13524
13525
13528
13529
13530
13532
13534
13535
13537
13538
13539
13542
13543
13545
13547
13548
13550
13551
13552
13553
13554
13556
13557
13558
13560
13562
13563
13565
13566
13567
13568
13569
13574
13576
13580
13582
13583
13584
13585
13586
13587
13588
13589
13591
13592
13593
13594
13598
13599
13600
13601
13605
13606
13608
13610
13611
13613
13617
13620
13621
13622
13623
13628
13629
13630
13631
13632
13633
13634
13635
13638
13641
13642
13643
13644
13646
13649
13650
13651
13652
13654
13655
13658
13660
13662
13664
13666
13667
13668
13670
13673
13674
13677
13681
13683
13684
13685
13688
13689
13695
13696
13697
13700
13701
13702
13703
13705
13709
13711
13715
13716
13717
13718
13720
13721
13723
13724
13726
13727
13729
13730
13732
13733
13735
13736
13737
13738
13739
13740
13744
13746
13749
13751
13752
13753
13754
13755
13756
13757
13759
13762
13764
13766
13767
13768
13769
13770
13771
13772
13774
13775
13777
13778
13781
13782
13783
13784
13785
13786
13787
13788
13789
13790
13791
13792
13793
13795
13796
13798
13802
13803
13807
13808
13809
13810
13811
13813
13814
13816
13817
13818
13819
13820
13821
13822
13823
13824
13826
13827
13828
13832
13836
13837
13839
13840
13841
13842
13843
13844
13845
13846
13847
13848
13849
13851
13852
13853
13857
13858
13860
13863
13866
13867
13868
13869
13873
13874
13877
13878
13879
13880
13881
13882
13884
13888
13892
13895
13897
13900
13901
13902
13903
13904
13905
13907
13908
13910
13912
13913
13914
13915
13916
13918
13919
13924
13925
13926
13928
13929
13934
13935
13936
13937
13938
13942
13943
13945
13947
13948
13950
13954
13955
13956
13957
13958
13959
13961
13962
13963
13966
13967
13970
13971
13975
13976
13978
13982
13986
13987
13988
13990
13994
13995
13996
13998
13999
14000
14001
14002
14003
14009
14010
14011
14016
14017
14025
14026
14027
14028
14029
14031
14033
14035
14036
14043
14048
14049
14050
14051
14052
14053
14054
14055
14056
14057
14058
14059
14060
14064
14065
14066
14069
14070
14071
14072
14074
14075
14076
14077
14078
14079
14080
14081
14082
14083
14084
14085
14088
14089
14090
14095
14096
14097
14102
14103
14104
14106
14107
14108
14109
14110
14111
14112
14115
14116
14118
14119
14120
14123
14124
14125
14126
14127
14128
14134
14135
14136
14137
14138
14141
14142
14143
14147
14149
14150
14151
14154
14155
14157
14159
14160
14161
14162
14164
14166
14168
14169
14170
14171
14172
14177
14179
14180
14181
14184
14185
14186
14188
14192
14194
14196
14197
14198
14201
14202
14204
14205
14206
14207
14208
14209
14210
14211
14216
14217
14218
14220
14221
14222
14223
14224
14225
14227
14230
14232
14235
14238
14240
14243
14244
14245
14246
14247
14248
14249
14250
14252
14253
14255
14257
14258
14260
14261
14262
14263
14264
14265
14268
14269
14270
14272
14273
14275
14277
14279
14280
14284
14285
14286
14287
14288
14289
14290
14292
14293
14294
14295
14296
14297
14301
14304
14305
14307
14308
14309
14312
14313
14315
14316
14317
14322
14323
14328
14329
14330
14331
14333
14334
14338
14340
14341
14342
14343
14345
14346
14347
14348
14349
14350
14351
14352
14353
14356
14357
14358
14359
14361
14362
14363
14364
14365
14366
14367
14368
14369
14370
14372
14373
14374
14375
14376
14377
14380
14381
14383
14384
14387
14389
14394
14395
14396
14397
14398
14402
14403
14405
14407
14408
14410
14411
14412
14414
14416
14417
14419
14420
14421
14424
14425
14426
14428
14430
14432
14433
14434
14435
14436
14437
14439
14441
14442
14445
14446
14447
14448
14450
14452
14453
14455
14456
14458
14459
14460
14461
14462
14464
14468
14469
14472
14474
14475
14477
14479
14480
14482
14483
14484
14485
14487
14488
14489
14490
14493
14494
14495
14498
14499
14500
14501
14502
14503
14505
14507
14508
14509
14511
14512
14516
14520
14523
14524
14527
14529
14531
14533
14534
14537
14538
14540
14541
14542
14543
14544
14545
14546
14547
14549
14552
14553
14555
14558
14560
14561
14562
14563
14565
14566
14568
14569
14571
14572
14573
14574
14575
14579
14580
14581
14582
14583
14585
14586
14587
14589
14590
14591
14592
14593
14595
14596
14598
14603
14604
14605
14607
14608
14609
14610
14612
14615
14616
14619
14622
14623
14625
14626
14627
14628
14629
14631
14632
14635
14636
14639
14641
14643
14644
14647
14648
14649
14654
14655
14658
14659
14661
14663
14664
14665
14667
14672
14673
14675
14677
14678
14680
14683
14684
14687
14688
14689
14690
14695
14697
14700
14701
14703
14704
14705
14707
14708
14710
14711
14713
14715
14716
14717
14718
14721
14722
14724
14725
14726
14729
14730
14733
14734
14735
14736
14737
14738
14742
14743
14746
14747
14748
14751
14752
14753
14756
14757
14758
14759
14762
14763
14766
14770
14771
14774
14775
14776
14777
14778
14781
14782
14784
14785
14786
14787
14790
14791
14794
14795
14797
14798
14799
14804
14806
14808
14810
14812
14814
14815
14816
14817
14819
14820
14821
14822
14823
14824
14825
14828
14830
14832
14833
14834
14835
14837
14842
14843
14844
14845
14849
14850
14852
14853
14856
14858
14859
14860
14861
14863
14864
14867
14868
14869
14871
14873
14874
14878
14879
14880
14881
14883
14884
14885
14886
14887
14889
14892
14893
14894
14895
14896
14897
14898
14902
14904
14905
14907
14908
14909
14913
14914
14916
14918
14924
14925
14926
14927
14930
14932
14933
14936
14939
14940
14942
14943
14944
14945
14946
14947
14948
14949
14951
14952
14953
14954
14955
14956
14957
14958
14960
14961
14964
14965
14966
14968
14969
14972
14974
14976
14977
14978
14979
14980
14981
14982
14990
14991
14992
14993
14995
14997
15000
15001
15002
15003
15004
15006
15008
15009
15011
15014
15017
15018
15019
15023
15025
15026
15027
15030
15031
15032
15033
15034
15036
15037
15041
15042
15045
15049
15053
15054
15056
15057
15060
15064
15065
15066
15067
15068
15069
15070
15071
15073
15074
15075
15078
15080
15082
15084
15086
15088
15089
15090
15091
15094
15095
15096
15097
15098
15099
15102
15103
15104
15105
15106
15107
15108
15110
15111
15112
15113
15114
15115
15117
15121
15124
15125
15126
15129
15130
15132
15134
15135
15136
15138
15139
15143
15148
15151
15152
15154
15155
15156
15157
15159
15161
15163
15164
15165
15166
15167
15169
15171
15172
15173
15174
15175
15177
15178
15180
15181
15183
15184
15185
15186
15187
15189
15191
15192
15195
15196
15197
15198
15199
15200
15202
15203
15205
15206
15207
15208
15211
15213
15216
15218
15220
15224
15225
15226
15227
15229
15230
15231
15232
15233
15234
15235
15236
15238
15240
15241
15242
15243
15244
15245
15247
15250
15251
15253
15254
15256
15258
15260
15261
15262
15263
15264
15265
15266
15267
15268
15273
15274
15276
15279
15281
15282
15284
15287
15288
15289
15290
15291
15292
15293
15294
15295
15296
15297
15298
15300
15301
15303
15304
15305
15307
15309
15310
15311
15314
15315
15316
15321
15322
15323
15327
15328
15333
15334
15337
15340
15341
15342
15343
15345
15346
15347
15349
15351
15356
15357
15358
15359
15360
15361
15363
15364
15365
15367
15370
15371
15372
15374
15375
15376
15378
15381
15384
15385
15386
15387
15391
15392
15394
15397
15398
15399
15400
15401
15405
15407
15411
15412
15413
15415
15416
15418
15420
15424
15426
15430
15431
15435
15437
15438
15439
15440
15442
15443
15445
15447
15448
15449
15450
15452
15454
15455
15456
15459
15461
15462
15463
15465
15467
15469
15470
15471
15473
15476
15479
15482
15483
15485
15486
15488
15490
15491
15493
15495
15496
15497
15499
15500
15501
15502
15509
15510
15511
15514
15517
15519
15521
15522
15523
15524
15525
15526
15528
15530
15532
15533
15536
15538
15539
15542
15544
15545
15547
15548
15549
15551
15552
15553
15555
15556
15560
15561
15562
15563
15565
15566
15568
15569
15572
15573
15574
15575
15576
15577
15579
15580
15581
15582
15584
15586
15587
15588
15591
15593
15594
15595
15600
15601
15602
15604
15605
15606
15608
15609
15610
15611
15615
15616
15619
15620
15622
15626
15629
15630
15631
15633
15638
15639
15641
15642
15643
15646
15647
15649
15650
15651
15655
15656
15657
15658
15659
15660
15661
15663
15664
15665
15667
15668
15670
15671
15672
15673
15674
15675
15677
15678
15679
15680
15684
15689
15690
15694
15695
15697
15699
15701
15702
15703
15704
15705
15711
15712
15713
15715
15719
15720
15723
15724
15725
15726
15727
15730
15731
15732
15733
15734
15735
15736
15737
15738
15739
15740
15741
15742
15745
15748
15749
15751
15753
15755
15756
15758
15759
15760
15761
15763
15764
15766
15768
15770
15771
15775
15776
15777
15778
15779
15780
15781
15782
15783
15784
15787
15788
15789
15791
15792
15793
15795
15796
15797
15798
15801
15802
15803
15808
15809
15810
15814
15815
15816
15819
15824
15825
15832
15833
15835
15836
15839
15840
15842
15843
15844
15846
15848
15853
15854
15855
15856
15857
15858
15859
15860
15861
15862
15866
15872
15873
15874
15875
15878
15879
15880
15882
15883
15885
15886
15887
15888
15889
15893
15894
15895
15897
15898
15901
15903
15904
15905
15906
15909
15911
15912
15916
15917
15918
15919
15922
15923
15924
15927
15930
15931
15935
15936
15938
15939
15942
15946
15949
15951
15952
15953
15956
15957
15960
15961
15963
15964
15965
15966
15967
15968
15969
15970
15973
15975
15976
15978
15979
15982
15984
15985
15986
15987
15988
15989
15990
15993
15996
16000
16002
16003
16004
16005
16006
16008
16010
16011
16013
16014
16015
16019
16020
16021
16023
16025
16026
16028
16029
16030
16031
16032
16033
16034
16035
16036
16037
16039
16049
16051
16052
16054
16057
16059
16060
16061
16062
16063
16065
16066
16068
16069
16070
16071
16072
16075
16076
16077
16078
16079
16080
16084
16086
16088
16089
16090
16091
16093
16094
16096
16097
16098
16102
16110
16114
16115
16116
16118
16120
16122
16123
16124
16125
16126
16128
16129
16130
16132
16133
16134
16136
16137
16140
16141
16142
16143
16144
16146
16147
16148
16149
16150
16153
16154
16156
16160
16163
16164
16166
16168
16169
16170
16171
16172
16173
16175
16177
16180
16181
16184
16186
16189
16191
16196
16199
16200
16202
16203
16204
16206
16207
16208
16210
16215
16216
16218
16219
16220
16221
16222
16223
16226
16228
16230
16231
16232
16235
16236
16238
16239
16240
16241
16242
16245
16246
16247
16249
16250
16251
16256
16258
16262
16263
16265
16266
16267
16269
16271
16274
16275
16276
16277
16278
16280
16282
16283
16285
16287
16290
16293
16294
16295
16296
16297
16298
16300
16301
16302
16303
16306
16307
16308
16309
16314
16315
16316
16317
16318
16319
16320
16321
16322
16324
16326
16329
16331
16334
16335
16336
16337
16338
16339
16340
16341
16342
16343
16345
16346
16347
16349
16352
16353
16354
16355
16356
16357
16358
16360
16362
16364
16365
16366
16368
16372
16373
16375
16379
16380
16381
16383
16385
16387
16388
16390
16393
16394
16395
16396
16400
16405
16407
16410
16411
16412
16413
16414
16415
16416
16418
16421
16422
16423
16424
16425
16427
16429
16430
16431
16434
16435
16436
16437
16438
16441
16442
16443
16448
16451
16453
16455
16456
16457
16458
16460
16461
16464
16467
16468
16471
16472
16473
16474
16475
16476
16480
16481
16486
16487
16490
16491
16492
16493
16494
16495
16496
16497
16500
16502
16503
16505
16507
16508
16509
16510
16512
16513
16514
16515
16517
16518
16519
16521
16523
16524
16525
16528
16529
16531
16532
16533
16535
16538
16539
16542
16543
16545
16546
16548
16551
16552
16553
16555
16556
16558
16560
16561
16564
16566
16569
16573
16576
16577
16579
16581
16585
16588
16589
16590
16593
16596
16597
16599
16601
16604
16606
16610
16612
16614
16615
16616
16617
16619
16621
16622
16627
16628
16629
16631
16633
16634
16635
16637
16638
16639
16641
16643
16644
16649
16651
16652
16656
16657
16658
16659
16660
16661
16662
16664
16665
16666
16668
16670
16673
16674
16675
16676
16677
16678
16679
16681
16686
16690
16691
16692
16696
16698
16699
16700
16701
16702
16703
16704
16705
16708
16709
16710
16711
16712
16719
16720
16721
16722
16725
16726
16728
16729
16730
16731
16732
16733
16735
16736
16737
16738
16739
16741
16742
16743
16744
16746
16748
16749
16752
16754
16755
16757
16758
16759
16761
16762
16763
16766
16767
16768
16769
16771
16772
16777
16779
16780
16781
16783
16785
16788
16789
16790
16791
16792
16794
16795
16796
16797
16798
16799
16800
16801
16802
16805
16806
16807
16808
16811
16812
16813
16815
16817
16819
16822
16824
16825
16826
16831
16832
16833
16834
16835
16836
16837
16839
16840
16843
16844
16845
16846
16847
16848
16850
16851
16852
16853
16856
16858
16861
16863
16865
16866
16867
16868
16870
16872
16873
16875
16878
16879
16883
16884
16885
16886
16890
16891
16892
16893
16895
16896
16897
16898
16899
16902
16903
16904
16908
16909
16910
16912
16915
16916
16920
16921
16924
16925
16926
16927
16928
16929
16930
16932
16933
16935
16938
16940
16941
16942
16943
16944
16945
16946
16947
16950
16952
16953
16954
16956
16957
16959
16960
16961
16963
16964
16966
16969
16970
16971
16973
16974
16976
16980
16982
16983
16984
16985
16986
16987
16989
16990
16993
16995
16996
17001
17002
17003
17005
17007
17012
17013
17015
17019
17021
17022
17024
17028
17029
17030
17031
17035
17036
17037
17038
17039
17041
17043
17045
17048
17052
17053
17054
17055
17056
17060
17062
17063
17064
17065
17069
17070
17073
17075
17076
17077
17078
17079
17081
17083
17084
17086
17087
17088
17090
17091
17092
17094
17095
17096
17097
17098
17099
17102
17103
17104
17106
17107
17108
17110
17111
17112
17113
17114
17115
17116
17117
17118
17119
17121
17124
17130
17133
17135
17136
17137
17138
17139
17140
17141
17142
17143
17144
17146
17147
17148
17149
17150
17153
17156
17160
17163
17165
17167
17168
17179
17180
17181
17182
17183
17184
17185
17187
17188
17190
17191
17192
17193
17194
17196
17197
17198
17199
17201
17202
17203
17204
17205
17207
17208
17209
17210
17213
17214
17217
17218
17221
17222
17223
17225
17226
17227
17228
17229
17230
17231
17232
17234
17235
17236
17237
17241
17242
17243
17244
17245
17249
17253
17256
17257
17258
17259
17260
17261
17262
17263
17266
17268
17271
17273
17274
17276
17277
17278
17279
17280
17281
17284
17285
17286
17288
17289
17290
17291
17292
17293
17295
17297
17302
17303
17304
17305
17308
17309
17312
17317
17319
17320
17323
17325
17326
17329
17330
17333
17334
17335
17337
17338
17340
17341
17343
17344
17345
17352
17354
17355
17356
17357
17359
17360
17361
17364
17365
17366
17367
17370
17372
17374
17375
17377
17378
17382
17383
17385
17387
17389
17391
17393
17394
17395
17397
17399
17400
17401
17403
17405
17407
17408
17409
17410
17411
17412
17413
17414
17415
17417
17419
17421
17422
17425
17426
17428
17429
17431
17432
17433
17434
17435
17437
17438
17439
17441
17442
17443
17444
17445
17450
17455
17456
17457
17458
17459
17460
17461
17462
17463
17464
17465
17467
17468
17471
17475
17477
17479
17483
17484
17485
17488
17491
17492
17495
17496
17498
17499
17503
17504
17508
17512
17513
17514
17515
17517
17518
17519
17520
17522
17523
17524
17527
17528
17529
17531
17532
17536
17538
17539
17540
17541
17542
17543
17544
17547
17550
17552
17553
17554
17555
17557
17560
17561
17562
17563
17564
17565
17568
17569
17571
17573
17574
17576
17577
17578
17582
17584
17585
17586
17587
17589
17590
17596
17598
17599
17601
17603
17604
17605
17606
17607
17608
17609
17610
17613
17614
17615
17616
17617
17619
17621
17623
17626
17627
17628
17629
17630
17632
17635
17636
17638
17639
17642
17643
17645
17646
17649
17650
17651
17652
17656
17657
17658
17659
17661
17664
17665
17666
17667
17669
17674
17675
17676
17677
17678
17680
17681
17685
17687
17688
17690
17691
17692
17694
17695
17696
17697
17698
17699
17700
17701
17702
17704
17706
17708
17709
17710
17715
17717
17719
17720
17722
17723
17724
17726
17727
17729
17730
17734
17735
17737
17739
17740
17741
17743
17745
17750
17751
17754
17756
17758
17759
17760
17761
17762
17766
17769
17770
17771
17772
17773
17774
17775
17776
17777
17779
17780
17782
17783
17784
17786
17788
17791
17792
17794
17795
17797
17798
17799
17800
17801
17803
17805
17806
17809
17811
17816
17817
17818
17819
17820
17827
17828
17829
17830
17831
17833
17834
17835
17839
17845
17848
17851
17852
17853
17854
17855
17856
17857
17858
17860
17863
17864
17867
17869
17871
17875
17877
17880
17882
17884
17887
17888
17890
17891
17894
17895
17896
17898
17899
17903
17904
17906
17908
17910
17911
17912
17913
17914
17916
17917
17920
17921
17923
17925
17926
17928
17929
17930
17931
17932
17933
17934
17939
17940
17941
17944
17945
17950
17951
17953
17954
17955
17956
17957
17959
17960
17961
17962
17963
17968
17973
17974
17977
17978
17979
17980
17981
17982
17984
17985
17987
17989
17990
17993
17994
17995
17996
17999
18001
18003
18005
18006
18008
18009
18010
18011
18012
18014
18017
18020
18021
18022
18023
18026
18027
18029
18030
18031
18032
18033
18034
18035
18036
18037
18041
18042
18043
18047
18048
18049
18052
18053
18054
18056
18057
18059
18060
18061
18062
18063
18065
18067
18068
18071
18072
18073
18076
18077
18078
18079
18081
18082
18083
18085
18086
18087
18089
18090
18091
18094
18095
18096
18097
18098
18102
18105
18107
18108
18109
18110
18113
18114
18118
18122
18124
18126
18127
18129
18130
18131
18133
18134
18135
18136
18139
18140
18141
18143
18144
18147
18148
18149
18151
18153
18154
18155
18157
18158
18159
18161
18162
18164
18166
18167
18168
18169
18171
18172
18173
18174
18175
18178
18179
18180
18182
18183
18184
18185
18187
18188
18189
18192
18193
18196
18197
18198
18201
18202
18204
18210
18211
18215
18216
18217
18219
18221
18222
18223
18224
18226
18227
18228
18229
18234
18236
18238
18240
18241
18242
18243
18244
18247
18249
18250
18251
18254
18255
18256
18257
18262
18264
18265
18266
18269
18270
18271
18272
18273
18274
18275
18276
18278
18280
18283
18287
18289
18290
18291
18294
18301
18302
18303
18304
18305
18306
18308
18309
18310
18311
18312
18313
18315
18316
18317
18323
18325
18327
18328
18329
18330
18331
18332
18334
18335
18336
18337
18338
18340
18341
18343
18346
18347
18349
18352
18353
18354
18355
18356
18357
18360
18363
18364
18366
18370
18373
18374
18375
18376
18377
18379
18380
18381
18383
18384
18385
18387
18388
18391
18393
18394
18397
18399
18400
18401
18402
18403
18404
18406
18407
18409
18410
18411
18412
18413
18414
18415
18416
18417
18419
18420
18421
18422
18423
18424
18426
18428
18429
18430
18431
18432
18433
18434
18436
18437
18438
18439
18441
18444
18447
18449
18453
18454
18455
18459
18460
18461
18464
18468
18469
18470
18472
18473
18476
18477
18478
18479
18480
18481
18483
18485
18488
18490
18493
18494
18495
18496
18497
18498
18499
18500
18502
18503
18504
18506
18507
18508
18509
18510
18513
18516
18517
18520
18521
18522
18524
18525
18528
18529
18531
18533
18536
18540
18541
18545
18546
18547
18549
18550
18552
18553
18557
18558
18561
18562
18563
18565
18567
18568
18569
18573
18574
18575
18578
18579
18580
18581
18584
18586
18587
18588
18594
18596
18598
18603
18604
18605
18607
18609
18610
18611
18614
18616
18617
18619
18620
18621
18622
18624
18625
18626
18628
18633
18636
18637
18638
18639
18641
18643
18644
18645
18647
18648
18651
18652
18655
18657
18658
18659
18660
18661
18662
18663
18665
18668
18670
18672
18676
18680
18683
18684
18685
18687
18688
18689
18691
18694
18695
18698
18700
18701
18702
18703
18704
18705
18706
18712
18714
18715
18719
18721
18722
18724
18729
18730
18731
18734
18736
18737
18738
18739
18740
18741
18742
18743
18745
18746
18747
18750
18752
18753
18754
18756
18759
18760
18761
18762
18766
18767
18770
18771
18772
18773
18774
18775
18776
18777
18781
18782
18783
18784
18785
18789
18790
18792
18794
18797
18798
18799
18802
18803
18804
18805
18806
18807
18808
18809
18810
18813
18815
18818
18819
18821
18825
18831
18832
18833
18834
18836
18837
18838
18839
18841
18842
18844
18847
18848
18849
18850
18851
18852
18854
18855
18856
18858
18859
18860
18861
18866
18867
18868
18869
18870
18871
18872
18873
18875
18876
18878
18879
18880
18882
18883
18884
18887
18888
18890
18891
18899
18900
18901
18902
18905
18908
18909
18910
18911
18913
18915
18916
18918
18919
18920
18922
18925
18926
18931
18932
18933
18934
18935
18940
18942
18943
18945
18946
18947
18948
18949
18950
18951
18952
18953
18954
18956
18959
18960
18961
18962
18964
18966
18967
18968
18971
18972
18973
18975
18977
18978
18979
18981
18986
18987
18988
18989
18991
18992
18993
18994
18996
18999
19000
19002
19003
19007
19008
19009
19010
19012
19013
19015
19017
19019
19020
19022
19023
19025
19026
19027
19029
19030
19031
19032
19033
19034
19035
19038
19040
19043
19044
19045
19046
19048
19049
19050
19052
19054
19055
19056
19057
19063
19065
19067
19069
19070
19071
19072
19075
19079
19080
19083
19084
19086
19087
19088
19090
19091
19092
19094
19095
19096
19097
19099
19100
19101
19102
19103
19104
19105
19106
19107
19108
19109
19112
19113
19115
19121
19122
19125
19127
19128
19129
19130
19131
19133
19134
19135
19136
19137
19139
19141
19146
19151
19152
19153
19155
19157
19160
19162
19163
19164
19165
19166
19168
19169
19172
19173
19174
19175
19176
19177
19178
19179
19181
19183
19185
19187
19190
19191
19192
19193
19194
19199
19200
19201
19202
19203
19205
19206
19207
19210
19211
19213
19215
19217
19219
19221
19223
19224
19225
19226
19227
19230
19231
19234
19235
19238
19239
19240
19241
19242
19243
19244
19246
19247
19249
19251
19252
19253
19254
19255
19256
19258
19259
19260
19261
19262
19265
19268
19272
19273
19274
19276
19277
19278
19279
19280
19284
19285
19286
19288
19290
19291
19292
19293
19294
19295
19296
19297
19303
19304
19306
19307
19308
19310
19311
19312
19313
19316
19317
19319
19320
19321
19322
19325
19327
19328
19329
19330
19333
19334
19336
19339
19340
19341
19343
19344
19345
19348
19349
19350
19355
19356
19357
19359
19361
19362
19363
19364
19366
19367
19368
19369
19370
19371
19377
19379
19380
19384
19386
19387
19389
19390
19391
19392
19393
19394
19396
19398
19399
19400
19401
19402
19403
19406
19411
19412
19413
19414
19416
19418
19420
19422
19423
19424
19425
19426
19428
19429
19430
19431
19432
19436
19440
19441
19443
19444
19445
19448
19449
19450
19451
19453
19454
19456
19459
19461
19462
19463
19466
19467
19469
19471
19472
19473
19474
19476
19478
19479
19480
19481
19482
19484
19486
19487
19489
19490
19494
19495
19499
19500
19501
19502
19504
19505
19507
19508
19509
19510
19514
19516
19517
19518
19522
19523
19524
19525
19526
19527
19528
19533
19535
19537
19538
19539
19541
19542
19543
19545
19547
19549
19550
19553
19554
19555
19556
19557
19561
19563
19566
19569
19573
19575
19576
19577
19578
19579
19580
19581
19582
19583
19586
19589
19590
19591
19596
19597
19598
19599
19600
19601
19602
19605
19606
19607
19608
19610
19616
19617
19618
19619
19620
19621
19624
19625
19626
19627
19628
19629
19631
19632
19633
19634
19636
19643
19644
19646
19648
19649
19650
19653
19656
19657
19658
19660
19661
19662
19663
19664
19666
19667
19670
19674
19675
19677
19678
19679
19681
19682
19683
19686
19690
19692
19694
19696
19699
19700
19701
19705
19707
19708
19710
19711
19712
19714
19715
19717
19719
19723
19724
19727
19728
19731
19734
19735
19738
19740
19741
19742
19743
19744
19745
19747
19748
19749
19750
19751
19752
19753
19754
19756
19757
19759
19760
19761
19764
19766
19767
19768
19769
19770
19771
19772
19774
19775
19776
19777
19778
19779
19783
19786
19788
19789
19792
19794
19795
19797
19798
19799
19801
19803
19805
19809
19811
19812
19813
19814
19815
19819
19820
19821
19824
19825
19826
19827
19828
19830
19831
19832
19834
19839
19840
19841
19842
19844
19845
19846
19847
19849
19850
19851
19852
19854
19857
19859
19860
19861
19863
19864
19865
19867
19868
19869
19870
19873
19874
19878
19880
19881
19883
19884
19885
19886
19887
19888
19890
19894
19897
19898
19899
19900
19902
19905
19906
19907
19908
19909
19910
19911
19915
19916
19917
19918
19921
19923
19924
19925
19926
19927
19928
19930
19931
19932
19936
19937
19938
19940
19941
19943
19945
19946
19948
19949
19950
19952
19953
19954
19958
19960
19962
19963
19964
19968
19969
19972
19974
19975
19977
19982
19983
19984
19986
19988
19989
19990
19991
19993
19997
19998
19999
20001
20002
20003
20004
20005
20006
20007
20008
20010
20011
20012
20015
20016
20017
20018
20019
20021
20022
20026
20027
20029
20032
20033
20034
20036
20038
20039
20040
20042
20043
20046
20049
20050
20052
20053
20056
20057
20058
20059
20060
20061
20062
20063
20065
20067
20069
20071
20073
20075
20077
20078
20084
20085
20086
20088
20089
20090
20091
20092
20093
20095
20096
20097
20099
20100
20101
20102
20104
20105
20107
20108
20110
20113
20114
20116
20120
20122
20124
20125
20126
20127
20129
20130
20131
20133
20134
20135
20136
20137
20138
20139
20140
20142
20145
20146
20150
20152
20153
20154
20155
20157
20158
20159
20160
20161
20162
20163
20164
20166
20167
20168
20169
20170
20171
20173
20174
20175
20176
20177
20178
20180
20182
20184
20185
20186
20187
20188
20192
20193
20194
20195
20199
20200
20201
20202
20203
20205
20206
20208
20210
20212
20213
20216
20217
20218
20219
20220
20222
20223
20225
20226
20227
20229
20231
20234
20236
20237
20238
20239
20241
20242
20245
20246
20247
20249
20250
20254
20256
20258
20260
20261
20262
20265
20266
20268
20273
20275
20276
20277
20278
20279
20280
20281
20283
20284
20286
20287
20288
20291
20294
20295
20297
20298
20299
20302
20303
20304
20306
20307
20308
20310
20311
20313
20314
20315
20316
20318
20320
20321
20324
20325
20326
20328
20330
20331
20332
20333
20334
20335
20337
20340
20342
20347
20352
20354
20355
20357
20358
20359
20360
20361
20362
20366
20368
20369
20371
20376
20377
20379
20380
20381
20382
20383
20386
20387
20390
20391
20392
20395
20396
20397
20399
20400
20404
20408
20409
20413
20414
20415
20416
20417
20418
20419
20420
20421
20422
20423
20425
20426
20429
20431
20432
20433
20434
20435
20436
20438
20439
20440
20441
20443
20445
20447
20448
20450
20451
20452
20453
20454
20460
20461
20462
20463
20464
20465
20467
20468
20469
20472
20475
20476
20477
20478
20481
20484
20487
20488
20490
20493
20494
20496
20497
20498
20501
20503
20504
20506
20508
20512
20515
20519
20520
20522
20523
20524
20527
20528
20529
20530
20532
20533
20534
20535
20536
20542
20543
20544
20546
20547
20548
20549
20550
20551
20557
20558
20560
20561
20562
20563
20564
20568
20571
20572
20574
20580
20585
20586
20588
20589
20590
20592
20597
20598
20604
20605
20606
20607
20609
20610
20611
20612
20613
20614
20616
20617
20618
20620
20622
20624
20625
20627
20629
20630
20631
20632
20633
20634
20637
20638
20643
20644
20646
20647
20648
20649
20651
20658
20660
20661
20664
20665
20666
20667
20668
20669
20671
20672
20673
20678
20680
20685
20686
20689
20690
20692
20693
20694
20695
20696
20697
20699
20702
20703
20705
20706
20707
20708
20709
20710
20714
20715
20716
20717
20718
20719
20723
20727
20728
20729
20732
20733
20738
20739
20741
20744
20746
20748
20750
20751
20753
20754
20756
20757
20759
20760
20762
20765
20766
20767
20768
20770
20771
20772
20773
20777
20779
20782
20783
20784
20786
20789
20790
20791
20792
20793
20794
20795
20796
20801
20802
20803
20804
20805
20807
20808
20810
20811
20812
20814
20815
20818
20824
20825
20827
20828
20831
20832
20833
20834
20836
20838
20841
20842
20843
20844
20845
20846
20848
20851
20852
20853
20855
20856
20857
20858
20859
20862
20863
20865
20868
20869
20870
20871
20873
20874
20875
20877
20881
20882
20884
20885
20886
20887
20888
20889
20891
20895
20897
20898
20899
20900
20901
20905
20906
20908
20909
20914
20915
20917
20920
20921
20922
20923
20925
20926
20927
20928
20929
20932
20933
20934
20935
20937
20940
20942
20943
20944
20945
20947
20948
20950
20951
20953
20955
20958
20959
20961
20962
20963
20964
20965
20966
20969
20970
20971
20972
20973
20975
20976
20977
20979
20980
20981
20983
20985
20986
20987
20988
20990
20992
20993
20995
20997
20999
21000
21003
21004
21005
21006
21007
21010
21011
21012
21013
21018
21020
21022
21023
21025
21026
21027
21028
21030
21031
21033
21034
21035
21036
21037
21038
21040
21042
21043
21045
21047
21048
21050
21051
21052
21053
21054
21055
21056
21057
21060
21061
21062
21064
21066
21067
21070
21071
21073
21075
21079
21080
21083
21084
21086
21087
21088
21089
21091
21092
21093
21095
21096
21097
21100
21101
21103
21106
21107
21113
21114
21115
21117
21119
21120
21125
21126
21128
21129
21131
21132
21133
21135
21136
21137
21139
21141
21143
21144
21148
21149
21150
21152
21153
21158
21160
21161
21163
21164
21165
21166
21167
21169
21171
21175
21176
21178
21181
21182
21184
21185
21186
21189
21192
21194
21197
21198
21199
21202
21203
21205
21206
21208
21210
21213
21214
21215
21219
21220
21224
21225
21226
21227
21228
21230
21231
21234
21236
21237
21239
21240
21241
21242
21245
21246
21248
21251
21253
21254
21256
21258
21261
21263
21264
21265
21266
21267
21273
21274
21275
21276
21278
21279
21280
21285
21286
21287
21289
21293
21296
21298
21299
21300
21303
21305
21306
21307
21309
21310
21312
21313
21315
21317
21319
21320
21322
21323
21325
21327
21328
21329
21331
21333
21334
21336
21337
21338
21339
21340
21341
21342
21343
21344
21345
21348
21349
21350
21352
21355
21358
21360
21361
21362
21363
21364
21366
21367
21368
21369
21370
21372
21376
21378
21379
21382
21385
21387
21388
21389
21390
21391
21392
21393
21394
21399
21401
21404
21406
21407
21408
21410
21413
21420
21422
21425
21426
21427
21429
21432
21434
21435
21436
21439
21442
21444
21445
21446
21449
21451
21452
21453
21454
21455
21456
21457
21460
21462
21463
21466
21468
21469
21470
21471
21472
21473
21474
21475
21476
21477
21478
21479
21481
21482
21485
21489
21492
21494
21495
21496
21497
21498
21499
21500
21501
21502
21503
21506
21507
21508
21510
21511
21512
21513
21516
21517
21519
21520
21523
21524
21528
21530
21531
21532
21535
21537
21539
21540
21541
21543
21544
21546
21547
21548
21550
21551
21553
21555
21556
21557
21559
21560
21564
21565
21566
21567
21569
21570
21573
21574
21575
21579
21580
21581
21582
21584
21587
21589
21591
21593
21595
21596
21599
21600
21601
21602
21603
21604
21605
21606
21610
21612
21613
21614
21617
21618
21621
21622
21624
21625
21626
21628
21629
21630
21631
21632
21633
21634
21636
21637
21642
21643
21646
21647
21648
21649
21654
21655
21659
21660
21661
21664
21668
21669
21670
21671
21672
21673
21674
21675
21676
21678
21679
21680
21682
21683
21684
21687
21693
21695
21696
21697
21698
21700
21701
21702
21703
21704
21705
21706
21707
21709
21710
21713
21714
21715
21717
21718
21720
21722
21723
21724
21726
21728
21729
21731
21732
21734
21735
21736
21738
21739
21741
21745
21746
21751
21752
21754
21756
21757
21760
21761
21762
21764
21765
21767
21768
21769
21770
21773
21774
21775
21776
21777
21778
21779
21780
21782
21786
21787
21788
21789
21791
21793
21794
21797
21798
21801
21803
21804
21805
21807
21810
21812
21814
21819
21820
21822
21823
21828
21830
21831
21832
21835
21836
21838
21839
21840
21842
21843
21844
21845
21846
21848
21852
21853
21854
21856
21857
21859
21861
21863
21864
21867
21868
21873
21875
21878
21880
21881
21883
21885
21886
21888
21889
21891
21892
21893
21894
21895
21897
21898
21899
21900
21902
21903
21906
21907
21908
21909
21911
21912
21913
21917
21918
21919
21920
21921
21922
21923
21924
21925
21926
21928
21929
21931
21932
21934
21938
21939
21940
21941
21945
21947
21948
21950
21951
21952
21953
21955
21956
21957
21958
21959
21965
21966
21967
21968
21970
21971
21972
21974
21975
21976
21978
21980
21982
21984
21985
21988
21989
21990
21991
21992
21994
21995
21996
21997
21999
22000
22001
22003
22004
22005
22007
22008
22009
22010
22016
22017
22019
22021
22025
22027
22028
22029
22030
22031
22032
22034
22035
22038
22039
22040
22042
22044
22045
22047
22048
22049
22050
22051
22052
22053
22055
22056
22058
22059
22060
22061
22063
22064
22066
22069
22072
22073
22074
22075
22076
22079
22082
22084
22086
22087
22090
22092
22093
22094
22096
22097
22100
22101
22102
22105
22106
22107
22108
22110
22112
22114
22115
22117
22118
22119
22121
22124
22127
22130
22131
22132
22134
22135
22136
22137
22138
22139
22140
22141
22142
22143
22145
22147
22148
22150
22152
22154
22155
22156
22157
22161
22165
22166
22167
22168
22169
22170
22171
22172
22173
22174
22175
22178
22179
22181
22183
22184
22185
22187
22189
22190
22191
22192
22193
22194
22195
22197
22200
22203
22205
22206
22211
22213
22214
22215
22216
22217
22218
22220
22221
22223
22225
22226
22228
22229
22230
22231
22233
22234
22235
22237
22238
22239
22243
22245
22246
22247
22248
22250
22251
22252
22254
22255
22258
22259
22261
22267
22268
22271
22272
22273
22274
22275
22278
22279
22280
22281
22284
22286
22287
22288
22289
22292
22293
22294
22295
22296
22297
22298
22299
22300
22301
22302
22303
22304
22306
22308
22309
22313
22314
22315
22316
22317
22319
22320
22321
22323
22326
22329
22332
22333
22334
22335
22337
22340
22341
22345
22346
22348
22352
22359
22360
22362
22363
22365
22369
22371
22372
22374
22376
22377
22378
22379
22381
22382
22383
22387
22388
22391
22392
22393
22395
22397
22398
22399
22402
22403
22406
22407
22409
22410
22413
22414
22416
22417
22419
22420
22422
22423
22424
22425
22426
22427
22429
22430
22431
22433
22434
22435
22436
22438
22440
22442
22443
22445
22446
22447
22448
22449
22450
22451
22455
22456
22457
22458
22459
22460
22461
22462
22464
22467
22468
22469
22471
22473
22474
22475
22477
22478
22480
22481
22482
22483
22485
22487
22489
22493
22496
22497
22498
22501
22502
22503
22506
22509
22510
22511
22512
22514
22516
22519
22521
22522
22526
22527
22530
22535
22537
22538
22539
22541
22542
22543
22544
22547
22548
22549
22550
22551
22552
22553
22554
22556
22558
22562
22563
22564
22565
22568
22569
22570
22571
22572
22575
22576
22577
22578
22580
22582
22584
22586
22587
22588
22589
22590
22591
22592
22593
22594
22596
22597
22602
22605
22609
22610
22611
22613
22615
22616
22617
22618
22619
22621
22622
22624
22625
22626
22627
22630
22632
22635
22636
22637
22638
22639
22640
22641
22642
22645
22646
22647
22650
22652
22653
22655
22656
22659
22660
22661
22664
22666
22667
22668
22670
22672
22674
22675
22676
22677
22678
22681
22684
22686
22688
22692
22698
22699
22701
22702
22704
22707
22708
22709
22710
22713
22714
22715
22717
22718
22719
22720
22722
22725
22727
22728
22729
22730
22732
22733
22735
22736
22737
22738
22739
22740
22742
22743
22744
22745
22746
22747
22748
22749
22750
22751
22753
22754
22755
22756
22757
22759
22760
22761
22762
22763
22769
22770
22772
22774
22777
22778
22779
22780
22781
22783
22784
22786
22789
22790
22791
22792
22793
22794
22795
22796
22799
22802
22805
22807
22808
22809
22813
22815
22816
22818
22819
22820
22824
22828
22831
22832
22835
22837
22838
22840
22842
22843
22844
22847
22848
22849
22851
22853
22854
22856
22857
22858
22859
22861
22862
22864
22865
22866
22867
22870
22871
22872
22873
22874
22875
22876
22881
22882
22886
22888
22889
22891
22892
22893
22894
22895
22896
22897
22898
22899
22900
22901
22907
22910
22912
22914
22915
22918
22923
22925
22927
22928
22929
22931
22933
22935
22937
22939
22941
22942
22945
22950
22953
22954
22957
22960
22961
22962
22963
22965
22968
22969
22970
22972
22973
22975
22977
22978
22979
22980
22981
22983
22984
22986
22987
22988
22990
22996
22998
22999
23000
23001
23002
23003
23005
23007
23008
23011
23016
23017
23018
23019
23020
23021
23022
23027
23030
23034
23036
23037
23039
23040
23042
23045
23049
23051
23052
23057
23058
23060
23061
23064
23066
23068
23069
23070
23071
23072
23076
23077
23078
23080
23083
23085
23086
23087
23088
23089
23090
23091
23092
23093
23097
23098
23104
23105
23106
23108
23109
23110
23116
23117
23118
23120
23121
23122
23124
23126
23127
23128
23129
23130
23131
23134
23135
23137
23138
23142
23143
23144
23145
23150
23152
23154
23157
23160
23161
23162
23163
23164
23165
23168
23169
23171
23172
23173
23174
23176
23178
23180
23181
23182
23186
23187
23189
23190
23191
23195
23196
23199
23201
23202
23208
23210
23211
23213
23215
23216
23217
23218
23223
23227
23228
23229
23231
23233
23234
23236
23237
23238
23239
23242
23244
23246
23247
23250
23251
23252
23253
23254
23255
23256
23260
23261
23262
23264
23265
23266
23267
23269
23270
23271
23273
23274
23275
23277
23278
23279
23280
23282
23285
23286
23288
23289
23290
23291
23293
23295
23296
23297
23299
23300
23301
23303
23304
23306
23308
23309
23311
23313
23315
23318
23319
23320
23321
23322
23326
23327
23329
23332
23333
23334
23335
23336
23339
23340
23343
23345
23347
23348
23349
23351
23352
23353
23357
23358
23359
23364
23365
23366
23367
23368
23369
23370
23371
23372
23378
23380
23382
23383
23384
23386
23387
23388
23389
23390
23392
23394
23395
23396
23397
23398
23400
23401
23404
23406
23410
23414
23418
23419
23421
23422
23425
23427
23429
23430
23433
23434
23435
23436
23437
23438
23440
23441
23444
23451
23454
23455
23457
23458
23459
23464
23468
23472
23473
23475
23476
23477
23479
23480
23481
23482
23485
23490
23494
23495
23496
23497
23501
23502
23503
23504
23505
23506
23507
23509
23510
23511
23517
23518
23520
23521
23526
23530
23532
23534
23536
23538
23540
23541
23542
23547
23549
23550
23551
23552
23553
23557
23561
23562
23564
23568
23571
23572
23576
23577
23579
23580
23581
23582
23583
23584
23585
23586
23587
23591
23597
23600
23605
23606
23608
23609
23610
23612
23613
23614
23616
23618
23619
23620
23623
23625
23626
23627
23628
23630
23631
23632
23633
23634
23636
23637
23640
23641
23642
23643
23644
23645
23647
23648
23653
23657
23661
23663
23664
23666
23667
23668
23671
23673
23674
23675
23676
23678
23685
23687
23688
23689
23690
23692
23693
23695
23697
23698
23699
23700
23702
23703
23704
23706
23708
23709
23710
23711
23712
23713
23714
23715
23716
23717
23718
23719
23720
23721
23723
23724
23725
23726
23728
23730
23731
23733
23734
23736
23737
23738
23739
23743
23744
23745
23746
23748
23749
23750
23751
23753
23754
23755
23756
23757
23758
23760
23763
23764
23765
23770
23772
23774
23775
23776
23777
23779
23781
23783
23784
23785
23786
23788
23790
23791
23792
23793
23794
23795
23796
23797
23798
23799
23801
23802
23803
23804
23805
23807
23808
23809
23810
23812
23816
23817
23819
23820
23822
23823
23826
23829
23831
23832
23833
23836
23838
23842
23843
23845
23847
23848
23851
23855
23856
23857
23859
23860
23862
23863
23864
23865
23866
23868
23869
23872
23875
23876
23878
23880
23882
23883
23885
23886
23887
23888
23889
23891
23893
23896
23897
23901
23902
23903
23905
23906
23907
23916
23918
23919
23920
23921
23922
23923
23924
23926
23928
23932
23934
23936
23939
23941
23942
23943
23945
23946
23947
23948
23950
23952
23954
23955
23956
23957
23962
23963
23965
23966
23968
23970
23971
23974
23975
23976
23980
23982
23984
23985
23987
23988
23989
23990
23992
23994
23995
23996
23997
24000
24003
24005
24007
24008
24009
24011
24012
24014
24015
24020
24021
24024
24027
24028
24029
24030
24031
24034
24036
24037
24038
24040
24041
24043
24046
24048
24049
24050
24052
24055
24056
24057
24058
24059
24061
24064
24065
24066
24067
24068
24069
24070
24071
24072
24074
24075
24076
24078
24079
24081
24083
24087
24090
24091
24094
24096
24097
24098
24099
24100
24101
24102
24104
24106
24107
24108
24109
24112
24113
24115
24116
24118
24119
24125
24127
24128
24129
24131
24132
24133
24134
24135
24136
24138
24139
24140
24141
24143
24144
24146
24148
24149
24150
24151
24153
24154
24157
24160
24161
24162
24163
24164
24166
24167
24173
24175
24176
24177
24178
24179
24180
24182
24183
24184
24187
24189
24191
24192
24193
24194
24198
24200
24201
24203
24204
24206
24207
24209
24211
24212
24213
24214
24215
24216
24218
24220
24221
24223
24224
24225
24226
24227
24228
24229
24230
24231
24233
24234
24237
24239
24240
24242
24243
24248
24250
24252
24253
24254
24255
24258
24262
24264
24266
24267
24270
24278
24279
24280
24281
24282
24285
24287
24288
24289
24290
24291
24292
24294
24295
24296
24298
24299
24301
24302
24303
24306
24307
24310
24311
24313
24315
24318
24319
24321
24322
24326
24327
24328
24329
24331
24332
24333
24334
24335
24336
24337
24338
24340
24342
24343
24346
24347
24348
24349
24351
24352
24356
24357
24358
24362
24363
24364
24365
24366
24367
24368
24369
24370
24372
24373
24374
24375
24377
24378
24379
24380
24386
24387
24389
24390
24393
24394
24395
24397
24399
24400
24402
24403
24404
24405
24406
24407
24408
24409
24411
24412
24413
24415
24417
24419
24421
24422
24423
24425
24426
24429
24430
24432
24433
24435
24437
24439
24443
24450
24451
24452
24454
24457
24459
24462
24464
24465
24468
24469
24472
24473
24474
24476
24477
24478
24479
24480
24481
24484
24486
24488
24489
24490
24493
24494
24495
24496
24497
24498
24500
24501
24502
24503
24504
24510
24511
24512
24515
24516
24519
24520
24524
24526
24527
24528
24529
24531
24532
24534
24535
24537
24539
24541
24542
24544
24545
24546
24547
24549
24550
24551
24553
24555
24558
24561
24562
24565
24570
24572
24573
24574
24575
24579
24580
24582
24585
24586
24588
24590
24592
24593
24594
24596
24599
24600
24602
24604
24606
24607
24608
24611
24616
24619
24620
24621
24622
24624
24625
24627
24629
24631
24634
24637
24638
24639
24640
24641
24642
24645
24647
24649
24650
24651
24652
24653
24655
24656
24657
24658
24660
24661
24663
24664
24665
24668
24669
24671
24672
24673
24674
24675
24677
24680
24681
24682
24685
24686
24687
24689
24693
24694
24696
24697
24699
24700
24704
24705
24707
24708
24709
24710
24711
24713
24714
24716
24717
24718
24719
24721
24726
24728
24729
24730
24731
24733
24735
24737
24738
24739
24740
24741
24742
24743
24746
24748
24751
24754
24756
24758
24759
24761
24763
24764
24765
24766
24772
24773
24776
24777
24780
24781
24782
24783
24784
24785
24786
24793
24794
24796
24797
24798
24799
24800
24802
24804
24805
24808
24810
24811
24812
24813
24814
24815
24816
24817
24819
24820
24822
24823
24824
24826
24829
24830
24834
24835
24838
24839
24841
24844
24845
24846
24849
24850
24852
24853
24854
24855
24856
24859
24860
24861
24862
24863
24865
24867
24868
24871
24872
24873
24875
24876
24882
24884
24885
24886
24887
24888
24890
24893
24895
24896
24898
24900
24901
24903
24904
24905
24906
24907
24909
24910
24914
24915
24916
24917
24918
24919
24922
24923
24927
24928
24929
24931
24932
24934
24935
24937
24938
24939
24940
24941
24942
24944
24945
24947
24948
24949
24954
24955
24957
24958
24960
24961
24963
24964
24968
24969
24970
24971
24972
24973
24974
24976
24978
24980
24981
24982
24985
24987
24988
24991
24993
24996
24997
24999
25000
25001
25002
25003
25005
25006
25007
25010
25011
25012
25014
25016
25020
25022
25023
25028
25029
25031
25032
25034
25036
25040
25041
25042
25045
25046
25048
25049
25050
25052
25054
25055
25059
25061
25062
25065
25069
25070
25071
25072
25073
25074
25075
25077
25078
25080
25082
25083
25084
25085
25086
25088
25089
25090
25091
25092
25094
25096
25097
25098
25099
25105
25109
25111
25113
25116
25119
25121
25124
25125
25129
25131
25133
25134
25137
25138
25141
25143
25144
25145
25146
25147
25149
25151
25152
25154
25155
25157
25158
25160
25161
25162
25164
25166
25168
25169
25171
25172
25173
25174
25175
25176
25178
25179
25181
25182
25183
25186
25188
25189
25191
25192
25198
25199
25200
25202
25203
25204
25205
25208
25211
25212
25213
25215
25217
25218
25219
25221
25223
25224
25225
25230
25231
25234
25235
25236
25237
25240
25242
25243
25244
25245
25251
25252
25253
25254
25256
25259
25262
25264
25265
25266
25268
25269
25270
25271
25275
25276
25280
25286
25292
25295
25296
25297
25298
25300
25301
25303
25304
25306
25307
25308
25309
25310
25311
25314
25315
25316
25319
25320
25326
25327
25329
25331
25332
25333
25335
25336
25337
25338
25339
25340
25341
25343
25347
25348
25350
25351
25352
25353
25355
25357
25358
25359
25360
25363
25365
25366
25368
25370
25373
25374
25375
25376
25377
25379
25381
25382
25383
25384
25386
25387
25388
25390
25391
25393
25395
25396
25397
25398
25400
25401
25402
25404
25405
25407
25408
25409
25410
25411
25412
25413
25414
25415
25417
25419
25420
25421
25424
25426
25427
25428
25430
25431
25432
25433
25434
25435
25436
25438
25443
25444
25448
25449
25451
25452
25453
25454
25455
25457
25458
25459
25461
25463
25464
25466
25468
25469
25471
25472
25473
25474
25476
25479
25481
25482
25484
25486
25490
25492
25493
25494
25496
25497
25499
25500
25501
25503
25504
25506
25507
25508
25509
25510
25515
25516
25517
25518
25519
25522
25524
25526
25529
25530
25531
25532
25533
25534
25535
25536
25537
25538
25541
25542
25544
25547
25549
25551
25554
25558
25559
25561
25562
25565
25566
25567
25568
25569
25570
25571
25574
25576
25577
25579
25580
25581
25583
25586
25588
25589
25590
25591
25592
25593
25594
25596
25597
25598
25600
25601
25603
25604
25605
25606
25610
25612
25613
25617
25618
25620
25622
25625
25627
25628
25629
25632
25633
25634
25635
25636
25637
25639
25640
25642
25643
25645
25646
25647
25649
25650
25651
25652
25654
25655
25658
25659
25660
25661
25663
25664
25665
25669
25670
25672
25676
25677
25678
25679
25681
25682
25685
25688
25689
25691
25693
25694
25696
25699
25701
25702
25704
25706
25707
25710
25715
25716
25719
25720
25721
25724
25725
25726
25727
25728
25729
25731
25732
25734
25736
25738
25739
25740
25744
25745
25746
25747
25748
25749
25751
25753
25754
25755
25756
25757
25758
25759
25761
25762
25763
25765
25766
25768
25769
25770
25771
25772
25773
25774
25777
25779
25780
25781
25783
25784
25785
25787
25788
25789
25790
25791
25792
25793
25794
25795
25796
25797
25800
25801
25802
25803
25805
25807
25808
25811
25815
25816
25817
25818
25819
25820
25821
25822
25826
25827
25828
25829
25830
25831
25832
25833
25834
25835
25837
25838
25839
25840
25843
25844
25845
25846
25847
25850
25851
25852
25853
25854
25855
25858
25860
25864
25865
25866
25867
25868
25870
25871
25872
25875
25876
25877
25878
25879
25882
25883
25886
25887
25889
25893
25894
25898
25900
25902
25904
25905
25906
25907
25908
25909
25910
25912
25913
25915
25916
25918
25919
25921
25924
25925
25928
25929
25931
25934
25935
25936
25939
25940
25941
25942
25943
25944
25946
25947
25954
25955
25957
25958
25960
25961
25962
25963
25966
25969
25971
25973
25974
25975
25977
25978
25979
25980
25982
25987
25988
25993
25994
25995
25996
25997
25998
25999
26001
26002
26005
26007
26012
26015
26016
26017
26018
26019
26021
26024
26025
26028
26030
26031
26032
26034
26040
26041
26042
26043
26048
26050
26051
26052
26055
26056
26059
26062
26063
26064
26065
26066
26067
26070
26072
26073
26074
26075
26076
26078
26079
26083
26084
26090
26091
26092
26093
26094
26098
26099
26100
26101
26102
26103
26106
26107
26112
26115
26117
26118
26119
26121
26124
26125
26126
26127
26128
26129
26131
26132
26134
26135
26137
26138
26140
26141
26144
26145
26146
26149
26153
26154
26155
26156
26159
26160
26161
26162
26163
26164
26166
26168
26169
26170
26171
26172
26173
26174
26175
26176
26177
26178
26179
26181
26183
26184
26185
26186
26188
26193
26194
26195
26196
26198
26199
26202
26206
26207
26208
26209
26210
26211
26212
26215
26216
26217
26218
26220
26221
26222
26223
26225
26226
26227
26228
26229
26230
26231
26233
26234
26236
26237
26238
26239
26241
26243
26244
26245
26247
26248
26250
26251
26252
26253
26254
26256
26258
26261
26264
26265
26268
26270
26271
26275
26276
26277
26278
26279
26280
26283
26284
26285
26286
26287
26288
26289
26290
26291
26293
26294
26296
26297
26299
26300
26301
26302
26303
26305
26307
26308
26309
26310
26311
26315
26316
26317
26319
26320
26321
26322
26325
26328
26331
26333
26334
26338
26341
26342
26344
26350
26351
26352
26353
26355
26356
26357
26358
26359
26360
26361
26364
26366
26368
26369
26370
26371
26373
26375
26376
26380
26381
26382
26383
26386
26388
26390
26392
26393
26394
26403
26406
26407
26408
26411
26412
26414
26417
26419
26421
26423
26425
26426
26427
26429
26431
26432
26433
26435
26437
26440
26441
26442
26444
26445
26447
26448
26450
26453
26455
26456
26458
26459
26461
26462
26464
26465
26466
26467
26469
26470
26471
26472
26475
26476
26477
26478
26479
26482
26486
26487
26488
26490
26492
26493
26495
26497
26498
26499
26500
26502
26503
26504
26506
26507
26508
26510
26511
26512
26513
26515
26516
26517
26518
26522
26523
26526
26527
26528
26529
26532
26534
26535
26536
26537
26541
26542
26543
26544
26548
26551
26552
26553
26554
26555
26557
26558
26560
26563
26566
26569
26570
26571
26572
26573
26574
26577
26578
26579
26581
26583
26584
26587
26589
26590
26591
26593
26595
26598
26601
26603
26604
26605
26606
26607
26608
26609
26610
26611
26612
26614
26615
26616
26617
26618
26620
26621
26622
26623
26624
26626
26627
26628
26629
26631
26633
26635
26636
26637
26638
26639
26640
26641
26643
26648
26649
26654
26655
26656
26657
26661
26663
26664
26668
26670
26671
26672
26673
26674
26675
26678
26679
26680
26681
26684
26685
26686
26687
26688
26691
26692
26693
26694
26695
26697
26699
26700
26702
26705
26706
26712
26714
26715
26716
26717
26719
26720
26721
26722
26725
26726
26727
26728
26729
26730
26731
26732
26733
26735
26738
26739
26740
26741
26742
26743
26744
26746
26747
26750
26754
26759
26761
26762
26763
26764
26765
26766
26769
26771
26772
26773
26775
26777
26778
26779
26780
26781
26782
26783
26786
26789
26791
26792
26793
26794
26795
26796
26798
26799
26801
26802
26803
26805
26806
26808
26809
26810
26811
26814
26815
26817
26821
26823
26824
26826
26827
26830
26831
26833
26834
26836
26837
26838
26840
26842
26843
26844
26847
26848
26850
26852
26853
26855
26856
26857
26858
26861
26864
26867
26868
26869
26872
26874
26875
26876
26877
26882
26883
26885
26887
26890
26891
26894
26895
26896
26897
26898
26899
26900
26901
26905
26906
26907
26908
26909
26910
26912
26913
26915
26916
26917
26921
26922
26924
26925
26927
26928
26929
26931
26933
26935
26936
26940
26941
26943
26944
26945
26946
26949
26951
26953
26954
26960
26964
26965
26966
26968
26971
26972
26973
26974
26975
26976
26979
26984
26985
26988
26993
26994
26997
26998
26999
27002
27004
27005
27007
27008
27009
27010
27011
27012
27013
27015
27016
27018
27019
27022
27024
27027
27030
27031
27032
27033
27034
27036
27037
27038
27039
27040
27041
27042
27043
27045
27046
27048
27049
27050
27051
27052
27053
27054
27055
27056
27057
27058
27059
27061
27062
27064
27065
27066
27067
27068
27072
27073
27076
27078
27083
27086
27087
27091
27092
27093
27094
27095
27096
27097
27098
27100
27101
27102
27103
27104
27105
27106
27107
27108
27109
27110
27113
27115
27118
27121
27122
27124
27126
27127
27128
27130
27131
27132
27134
27135
27136
27138
27139
27140
27143
27144
27145
27146
27147
27148
27149
27151
27152
27153
27156
27158
27159
27163
27164
27165
27167
27168
27171
27173
27174
27175
27179
27180
27181
27182
27183
27184
27185
27186
27187
27188
27189
27190
27191
27193
27194
27195
27196
27197
27199
27200
27201
27202
27203
27204
27208
27210
27211
27213
27216
27218
27219
27220
27224
27227
27228
27230
27232
27233
27234
27236
27237
27238
27240
27241
27243
27244
27246
27247
27248
27249
27250
27252
27253
27255
27256
27257
27258
27259
27260
27261
27263
27264
27265
27266
27267
27268
27269
27274
27275
27276
27277
27278
27279
27280
27283
27284
27287
27288
27289
27290
27291
27292
27293
27296
27298
27299
27301
27302
27305
27307
27310
27311
27313
27315
27316
27320
27321
27323
27324
27325
27327
27328
27331
27332
27334
27335
27336
27340
27341
27343
27344
27345
27348
27349
27351
27352
27354
27355
27357
27358
27359
27360
27361
27362
27363
27365
27367
27368
27369
27372
27373
27375
27376
27377
27378
27380
27381
27382
27383
27385
27386
27387
27390
27391
27392
27394
27398
27399
27400
27401
27405
27407
27409
27410
27411
27414
27415
27418
27419
27421
27424
27425
27426
27428
27429
27430
27431
27432
27433
27434
27435
27438
27439
27440
27447
27449
27450
27452
27453
27454
27456
27458
27462
27463
27464
27465
27466
27467
27468
27471
27473
27474
27475
27477
27481
27484
27485
27486
27488
27489
27492
27496
27500
27504
27506
27507
27509
27513
27520
27521
27522
27523
27525
27527
27528
27531
27532
27533
27535
27537
27539
27545
27546
27549
27551
27552
27554
27555
27556
27557
27559
27561
27562
27565
27567
27568
27570
27571
27572
27573
27574
27576
27578
27580
27581
27585
27586
27587
27588
27589
27590
27591
27594
27595
27596
27597
27598
27600
27601
27602
27603
27604
27605
27607
27608
27609
27610
27612
27613
27615
27617
27618
27619
27620
27624
27625
27626
27627
27629
27633
27634
27635
27640
27642
27643
27644
27645
27648
27651
27652
27653
27654
27655
27660
27661
27662
27665
27667
27668
27669
27671
27672
27674
27675
27676
27679
27680
27681
27683
27684
27685
27686
27687
27689
27690
27691
27692
27693
27694
27695
27696
27698
27700
27701
27702
27703
27704
27707
27709
27710
27715
27716
27717
27719
27721
27722
27723
27726
27727
27728
27729
27730
27731
27733
27735
27736
27738
27739
27740
27742
27744
27745
27747
27749
27750
27752
27753
27754
27755
27757
27758
27761
27763
27766
27768
27769
27771
27773
27774
27775
27777
27778
27779
27780
27781
27784
27785
27786
27787
27788
27790
27791
27793
27797
27798
27799
27800
27801
27802
27804
27806
27807
27808
27810
27811
27812
27814
27815
27818
27820
27822
27824
27825
27828
27829
27830
27831
27832
27835
27836
27837
27839
27840
27841
27842
27844
27845
27846
27850
27851
27852
27854
27855
27856
27859
27860
27861
27862
27863
27866
27868
27870
27871
27872
27874
27875
27876
27877
27878
27879
27880
27881
27882
27883
27885
27889
27890
27892
27893
27894
27896
27897
27898
27899
27900
27904
27905
27906
27907
27908
27912
27915
27919
27920
27921
27926
27927
27930
27931
27932
27933
27934
27936
27938
27939
27941
27942
27943
27946
27947
27949
27950
27951
27952
27953
27958
27959
27960
27963
27966
27968
27970
27973
27974
27976
27977
27978
27979
27980
27981
27984
27986
27987
27989
27994
27995
27997
27998
27999
28000
28003
28007
28009
28011
28012
28013
28015
28016
28018
28019
28020
28022
28023
28024
28025
28026
28028
28029
28030
28033
28034
28037
28039
28043
28044
28045
28047
28050
28053
28054
28055
28056
28058
28059
28060
28061
28063
28064
28068
28069
28070
28074
28084
28085
28090
28091
28092
28094
28096
28098
28099
28102
28103
28106
28108
28109
28111
28113
28114
28115
28117
28118
28119
28120
28121
28122
28125
28126
28127
28128
28129
28130
28132
28133
28135
28136
28137
28138
28142
28143
28144
28145
28148
28149
28152
28154
28156
28157
28160
28161
28162
28163
28166
28168
28170
28171
28173
28174
28178
28179
28180
28181
28184
28185
28186
28187
28190
28191
28192
28195
28196
28199
28200
28204
28205
28208
28211
28212
28213
28215
28217
28219
28221
28222
28223
28224
28225
28228
28229
28230
28231
28232
28233
28234
28235
28236
28239
28240
28242
28243
28244
28246
28247
28249
28251
28252
28253
28256
28259
28260
28261
28262
28263
28264
28266
28270
28271
28272
28276
28277
28278
28279
28281
28282
28283
28284
28285
28286
28288
28289
28290
28291
28293
28294
28296
28297
28298
28299
28300
28301
28302
28303
28307
28309
28310
28311
28313
28317
28319
28321
28322
28323
28325
28329
28331
28332
28333
28334
28335
28336
28338
28339
28341
28342
28344
28346
28347
28354
28357
28358
28359
28360
28361
28362
28363
28364
28366
28368
28370
28372
28373
28374
28375
28376
28377
28378
28379
28380
28381
28382
28385
28390
28392
28393
28396
28398
28400
28401
28402
28403
28404
28405
28406
28407
28411
28413
28414
28418
28420
28421
28422
28424
28427
28428
28430
28432
28434
28435
28436
28440
28441
28447
28449
28452
28454
28456
28457
28458
28459
28460
28461
28462
28463
28466
28472
28474
28476
28477
28478
28479
28480
28481
28482
28485
28487
28488
28489
28490
28491
28492
28494
28495
28496
28498
28500
28501
28503
28505
28507
28508
28510
28515
28518
28522
28523
28525
28528
28531
28533
28534
28535
28536
28537
28538
28539
28541
28543
28544
28545
28547
28548
28550
28551
28553
28554
28555
28556
28557
28560
28561
28564
28565
28569
28571
28574
28578
28579
28580
28581
28582
28583
28585
28587
28588
28591
28592
28596
28598
28599
28601
28602
28605
28608
28609
28610
28611
28612
28615
28617
28621
28623
28624
28627
28631
28632
28634
28635
28639
28640
28641
28642
28643
28645
28646
28649
28650
28652
28655
28656
28657
28658
28660
28661
28662
28663
28664
28665
28666
28668
28669
28670
28671
28672
28674
28675
28676
28677
28678
28679
28680
28681
28682
28685
28686
28687
28688
28691
28693
28694
28698
28699
28700
28701
28705
28706
28707
28708
28710
28711
28712
28713
28714
28715
28718
28719
28720
28721
28722
28723
28724
28726
28727
28728
28731
28732
28733
28737
28740
28741
28742
28744
28748
28749
28750
28751
28752
28755
28756
28760
28762
28763
28765
28766
28767
28768
28770
28771
28775
28776
28777
28779
28783
28785
28787
28788
28789
28790
28792
28795
28798
28802
28804
28805
28808
28809
28810
28811
28812
28813
28814
28815
28816
28817
28818
28819
28821
28824
28825
28827
28828
28830
28833
28834
28835
28836
28840
28841
28843
28844
28847
28849
28850
28851
28853
28854
28855
28856
28857
28859
28860
28862
28864
28866
28867
28868
28871
28872
28873
28874
28876
28877
28878
28880
28881
28882
28884
28886
28889
28892
28893
28894
28895
28898
28899
28900
28901
28902
28904
28905
28906
28908
28913
28915
28916
28917
28918
28920
28921
28925
28926
28928
28929
28931
28932
28934
28935
28939
28941
28944
28945
28947
28948
28949
28950
28953
28954
28955
28956
28958
28960
28961
28963
28966
28967
28970
28972
28974
28975
28976
28979
28980
28982
28983
28986
28988
28989
28991
28994
28995
28996
28997
28998
28999
29000
29001
29002
29004
29005
29006
29007
29008
29009
29010
29013
29015
29016
29017
29018
29022
29031
29032
29034
29035
29036
29038
29040
29041
29042
29044
29045
29046
29047
29050
29051
29052
29054
29055
29057
29058
29060
29061
29062
29063
29065
29066
29067
29068
29069
29070
29071
29073
29074
29075
29077
29078
29080
29081
29083
29084
29086
29088
29089
29090
29091
29092
29094
29097
29098
29100
29101
29103
29104
29105
29106
29107
29108
29110
29111
29112
29114
29115
29119
29121
29122
29123
29124
29125
29131
29132
29133
29135
29136
29137
29138
29140
29141
29142
29147
29149
29151
29152
29154
29155
29157
29163
29164
29165
29166
29167
29168
29170
29172
29173
29175
29176
29178
29180
29187
29188
29190
29191
29192
29194
29197
29198
29199
29200
29201
29203
29206
29208
29209
29212
29213
29220
29221
29222
29225
29226
29230
29232
29234
29235
29236
29238
29240
29241
29244
29249
29250
29251
29253
29254
29256
29259
29262
29265
29266
29269
29272
29273
29275
29276
29279
29281
29283
29286
29287
29288
29289
29294
29296
29298
29300
29301
29302
29303
29304
29305
29306
29307
29308
29310
29311
29312
29313
29315
29317
29318
29319
29320
29321
29322
29324
29325
29326
29327
29328
29329
29332
29336
29338
29339
29342
29343
29344
29345
29347
29349
29350
29351
29352
29354
29355
29356
29357
29358
29360
29362
29363
29364
29366
29367
29368
29369
29370
29371
29372
29376
29377
29378
29379
29380
29381
29385
29386
29388
29389
29390
29391
29392
29394
29395
29396
29397
29398
29399
29401
29402
29404
29408
29409
29411
29413
29414
29415
29416
29417
29418
29419
29420
29421
29422
29424
29425
29426
29427
29428
29429
29430
29431
29435
29436
29438
29439
29440
29442
29443
29444
29446
29447
29448
29449
29450
29452
29454
29455
29456
29457
29458
29460
29461
29463
29464
29467
29468
29469
29470
29472
29474
29475
29478
29480
29482
29483
29485
29486
29487
29488
29491
29493
29495
29496
29497
29500
29501
29502
29504
29509
29510
29517
29518
29520
29521
29522
29523
29524
29525
29526
29528
29530
29532
29533
29534
29537
29538
29540
29543
29545
29547
29548
29549
29550
29551
29553
29554
29556
29557
29559
29562
29563
29565
29566
29569
29570
29574
29575
29576
29580
29581
29583
29584
29585
29588
29589
29591
29592
29593
29594
29596
29597
29598
29601
29602
29603
29604
29605
29606
29608
29609
29610
29611
29612
29613
29618
29621
29623
29624
29627
29629
29630
29631
29632
29633
29639
29642
29643
29644
29645
29646
29648
29649
29651
29652
29653
29654
29655
29657
29659
29661
29662
29664
29665
29666
29669
29670
29671
29674
29675
29677
29678
29679
29683
29684
29685
29686
29689
29690
29693
29698
29700
29702
29704
29705
29706
29708
29709
29710
29711
29712
29717
29718
29719
29720
29721
29725
29729
29730
29731
29732
29734
29735
29736
29739
29740
29742
29744
29746
29747
29748
29749
29750
29751
29752
29753
29756
29758
29760
29767
29768
29769
29771
29772
29773
29774
29776
29783
29785
29787
29788
29789
29790
29791
29792
29793
29794
29795
29796
29797
29799
29800
29803
29806
29807
29810
29811
29813
29815
29817
29818
29819
29820
29821
29823
29824
29826
29827
29830
29831
29832
29833
29834
29835
29836
29838
29839
29840
29841
29845
29848
29849
29850
29851
29852
29853
29855
29856
29858
29859
29860
29861
29862
29863
29864
29865
29867
29869
29870
29871
29873
29874
29876
29877
29878
29880
29881
29882
29883
29885
29887
29888
29890
29892
29893
29894
29896
29897
29899
29901
29904
29905
29907
29908
29909
29911
29914
29915
29917
29924
29926
29927
29928
29929
29931
29932
29935
29937
29939
29940
29941
29942
29944
29945
29946
29947
29948
29949
29952
29956
29957
29958
29959
29962
29966
29968
29970
29971
29974
29979
29981
29982
29983
29987
29993
29994
29995
29996
29997
29998
29999
30001
30002
30003
30004
30005
30008
30009
30010
30011
30013
30016
30017
30018
30021
30022
30023
30025
30027
30028
30029
30030
30031
30032
30034
30035
30036
30037
30038
30039
30043
30044
30046
30048
30049
30050
30051
30052
30055
30056
30058
30059
30060
30066
30067
30068
30069
30070
30071
30072
30073
30075
30076
30077
30080
30081
30083
30084
30087
30088
30089
30091
30092
30093
30094
30096
30097
30099
30102
30103
30104
30105
30107
30108
30109
30110
30111
30112
30116
30117
30119
30120
30124
30126
30127
30128
30129
30130
30133
30134
30135
30136
30137
30138
30139
30140
30141
30142
30144
30145
30146
30147
30148
30152
30153
30154
30155
30157
30159
30160
30161
30162
30163
30168
30169
30170
30173
30174
30175
30176
30177
30179
30181
30183
30185
30186
30188
30189
30191
30192
30193
30195
30196
30197
30200
30202
30203
30204
30205
30209
30211
30212
30217
30219
30221
30222
30223
30224
30225
30226
30227
30228
30229
30231
30232
30233
30234
30235
30238
30239
30240
30241
30243
30245
30248
30249
30250
30253
30254
30255
30257
30259
30260
30264
30265
30267
30268
30270
30271
30272
30273
30274
30276
30277
30278
30280
30281
30283
30285
30287
30288
30289
30290
30293
30294
30295
30297
30298
30301
30304
30305
30307
30310
30312
30313
30315
30316
30317
30319
30324
30325
30328
30329
30330
30332
30336
30337
30338
30340
30342
30344
30346
30347
30352
30353
30354
30356
30358
30359
30361
30362
30363
30364
30365
30369
30370
30372
30373
30374
30375
30380
30381
30382
30383
30386
30387
30391
30393
30394
30395
30396
30397
30398
30400
30401
30403
30404
30407
30409
30411
30412
30414
30415
30416
30418
30419
30420
30422
30424
30425
30428
30429
30431
30433
30436
30439
30441
30442
30443
30444
30446
30448
30449
30450
30451
30452
30453
30454
30455
30456
30457
30458
30459
30460
30462
30465
30468
30469
30470
30471
30472
30474
30475
30476
30477
30478
30479
30488
30489
30491
30492
30495
30497
30498
30499
30503
30505
30506
30509
30511
30512
30517
30519
30522
30526
30527
30529
30530
30532
30533
30534
30535
30536
30537
30539
30540
30541
30542
30544
30545
30548
30549
30550
30551
30552
30553
30555
30559
30560
30561
30562
30564
30565
30566
30569
30570
30571
30575
30578
30579
30580
30581
30584
30587
30588
61178
61179
61181
61183
61184
61186
61190
61191
61196
61197
61198
61201
61202
61205
61206
61207
61208
61209
61211
61212
61213
61215
61216
61217
61219
61220
61221
61224
61225
61226
61227
61229
61230
61231
61233
61234
61235
61236
61237
61238
61239
61240
61242
61243
61246
61248
61249
61250
61251
61253
61254
61257
61260
61262
61264
61265
61266
61267
61268
61269
61272
61273
61274
61279
61280
61281
61282
61283
61284
61285
61286
61287
61289
61290
61291
61292
61294
61295
61296
61297
61298
61299
61300
61303
61304
61306
61307
61308
61309
61310
61311
61312
61314
61317
61319
61321
61324
61325
61327
61328
61329
61330
61331
61333
61334
61337
61339
61341
61345
61347
61348
61350
61352
61353
61357
61359
61360
61361
61363
61364
61366
61367
61369
61370
61371
61372
61375
61376
61377
61380
61381
61382
61383
61384
61386
61387
61388
61389
61390
61391
61392
61396
61399
61400
61402
61404
61405
61406
61407
61408
61409
61411
61413
61414
61415
61416
61417
61418
61419
61420
61421
61422
61423
61424
61425
61426
61427
61429
61430
61432
61433
61434
61436
61437
61438
61439
61440
61441
61442
61445
61446
61447
61449
61451
61452
61453
61455
61456
61457
61460
61464
61466
61468
61469
61471
61472
61473
61475
61476
61477
61478
61479
61481
61484
61485
61491
61493
61495
61496
61497
61498
61499
61500
61501
61504
61506
61507
61508
61509
61510
61511
61512
61513
61515
61517
61518
61519
61521
61522
61525
61529
61530
61531
61533
61535
61537
61538
61539
61540
61542
61545
61547
61548
61549
61550
61551
61555
61556
61557
61559
61561
61564
61566
61567
61569
61570
61571
61572
61573
61574
61578
61579
61580
61582
61588
61590
61593
61596
61601
61602
61604
61605
61608
61609
61614
61616
61617
61620
61622
61623
61624
61625
61626
61628
61630
61633
61634
61636
61638
61639
61640
61644
61646
61651
61652
61653
61655
61656
61658
61660
61661
61662
61663
61665
61666
61667
61674
61679
61680
61681
61684
61686
61689
61691
61692
61696
61697
61699
61700
61701
61702
61705
61706
61707
61710
61711
61712
61714
61719
61720
61721
61722
61723
61724
61726
61727
61728
61730
61731
61733
61734
61735
61738
61739
61740
61744
61746
61747
61749
61751
61752
61753
61755
61760
61762
61764
61765
61766
61767
61772
61773
61774
61775
61777
61778
61779
61781
61782
61783
61784
61785
61787
61791
61796
61798
61799
61800
61801
61803
61808
61809
61813
61818
61819
61821
61822
61823
61826
61827
61829
61830
61831
61833
61834
61835
61837
61838
61840
61841
61844
61847
61848
61849
61852
61854
61856
61857
61858
61860
61861
61862
61864
61865
61867
61868
61869
61870
61871
61872
61874
61876
61878
61879
61880
61881
61882
61883
61884
61885
61886
61887
61888
61889
61890
61891
61892
61893
61894
61895
61896
61900
61901
61902
61903
61904
61909
61911
61913
61914
61915
61917
61919
61923
61924
61926
61928
61929
61930
61932
61933
61936
61937
61938
61939
61940
61942
61944
61945
61946
61947
61948
61949
61952
61956
61957
61959
61960
61961
61962
61963
61965
61966
61967
61968
61969
61971
61972
61975
61976
61979
61980
61982
61983
61984
61985
61986
61989
61990
61991
61992
61995
61996
61997
61998
61999
62000
62001
62004
62008
62009
62012
62013
62016
62017
62018
62020
62021
62023
62026
62027
62028
62029
62030
62031
62032
62034
62036
62037
62038
62039
62041
62042
62043
62046
62047
62048
62049
62052
62054
62055
62056
62061
62062
62063
62066
62069
62070
62072
62073
62075
62076
62077
62078
62083
62085
62086
62087
62088
62090
62091
62092
62093
62096
62097
62098
62100
62103
62104
62109
62110
62111
62112
62114
62115
62116
62117
62118
62120
62121
62122
62125
62128
62129
62130
62135
62136
62137
62138
62139
62140
62142
62143
62144
62145
62147
62148
62149
62151
62152
62157
62159
62160
62161
62162
62163
62164
62165
62166
62169
62170
62171
62172
62174
62175
62176
62179
62180
62182
62183
62185
62186
62187
62188
62190
62191
62192
62196
62197
62198
62199
62200
62201
62202
62203
62204
62207
62210
62211
62214
62216
62218
62220
62221
62222
62223
62225
62227
62230
62232
62237
62238
62241
62242
62245
62247
62250
62251
62253
62254
62256
62257
62258
62261
62264
62265
62266
62271
62273
62275
62276
62280
62282
62284
62286
62288
62289
62292
62294
62295
62297
62298
62300
62305
62306
62307
62308
62310
62312
62315
62317
62318
62320
62321
62322
62323
62324
62325
62327
62329
62330
62332
62334
62335
62339
62340
62341
62342
62343
62344
62347
62348
62350
62351
62353
62355
62356
62357
62358
62359
62361
62362
62363
62365
62367
62368
62370
62371
62372
62373
62377
62378
62379
62383
62385
62386
62387
62388
62390
62391
62392
62393
62397
62398
62401
62402
62403
62404
62405
62406
62407
62408
62409
62411
62414
62415
62417
62418
62419
62421
62422
62423
62424
62426
62429
62430
62431
62433
62434
62435
62436
62439
62446
62447
62450
62451
62452
62453
62456
62457
62458
62459
62461
62462
62463
62467
62470
62474
62476
62477
62478
62479
62480
62481
62484
62485
62486
62488
62489
62492
62495
62496
62498
62501
62503
62507
62509
62510
62514
62515
62516
62517
62518
62520
62522
62525
62529
62534
62535
62536
62539
62540
62541
62544
62545
62547
62548
62549
62550
62551
62552
62553
62554
62555
62556
62557
62558
62559
62563
62564
62565
62567
62568
62570
62571
62572
62573
62574
62575
62578
62581
62582
62583
62584
62585
62587
62588
62589
62596
62597
62601
62602
62603
62604
62606
62607
62608
62609
62611
62612
62613
62614
62615
62617
62618
62621
62622
62623
62626
62629
62630
62631
62632
62633
62635
62639
62640
62641
62642
62643
62644
62646
62647
62649
62650
62652
62653
62654
62655
62656
62657
62658
62662
62664
62666
62667
62668
62670
62671
62675
62678
62679
62680
62681
62682
62687
62690
62691
62692
62693
62694
62696
62698
62699
62700
62701
62702
62703
62706
62708
62709
62710
62712
62713
62715
62716
62718
62719
62720
62721
62723
62724
62725
62727
62728
62729
62730
62734
62736
62737
62739
62740
62741
62742
62743
62744
62745
62746
62747
62750
62751
62752
62754
62757
62758
62761
62763
62764
62765
62766
62767
62768
62769
62770
62776
62777
62783
62784
62787
62791
62792
62793
62795
62796
62798
62800
62801
62803
62806
62807
62811
62812
62813
62814
62816
62818
62821
62822
62824
62825
62826
62827
62828
62830
62831
62833
62836
62837
62843
62844
62847
62848
62849
62853
62856
62857
62859
62860
62861
62862
62864
62866
62870
62871
62872
62873
62875
62876
62877
62879
62880
62882
62884
62885
62887
62888
62889
62890
62891
62892
62894
62895
62897
62900
62901
62904
62905
62906
62907
62909
62911
62913
62914
62915
62921
62925
62926
62927
62933
62935
62936
62941
62943
62946
62947
62948
62949
62950
62951
62953
62955
62957
62958
62961
62963
62965
62967
62968
62969
62970
62974
62975
62976
62978
62980
62981
62985
62986
62987
62988
62989
62990
62992
62994
62996
62997
62998
63001
63002
63003
63006
63008
63010
63012
63013
63023
63025
63026
63028
63030
63033
63034
63039
63040
63041
63042
63045
63047
63049
63051
63052
63053
63054
63055
63056
63058
63059
63060
63061
63062
63063
63065
63066
63068
63071
63072
63073
63074
63075
63077
63078
63079
63082
63084
63085
63086
63088
63090
63091
63093
63094
63096
63099
63104
63105
63106
63107
63109
63112
63114
63117
63120
63121
63123
63124
63125
63127
63130
63133
63137
63139
63140
63142
63144
63145
63146
63147
63148
63149
63151
63153
63155
63158
63159
63160
63161
63163
63164
63165
63166
63168
63169
63170
63174
63177
63178
63179
63182
63185
63186
63187
63188
63189
63190
63191
63192
63198
63199
63200
63202
63203
63205
63207
63208
63209
63210
63214
63216
63217
63218
63219
63220
63221
63224
63225
63226
63227
63230
63231
63232
63235
63236
63237
63238
63239
63241
63242
63243
63244
63245
63246
63247
63248
63249
63254
63255
63257
63258
63260
63261
63263
63264
63265
63266
63270
63272
63273
63275
63276
63277
63278
63279
63280
63281
63282
63283
63285
63287
63288
63289
63290
63293
63294
63295
63297
63298
63300
63302
63303
63304
63305
63308
63309
63310
63311
63313
63314
63315
63316
63322
63323
63327
63328
63332
63336
63337
63338
63339
63341
63342
63343
63344
63346
63347
63348
63350
63351
63355
63356
63358
63361
63364
63366
63367
63374
63375
63376
63377
63378
63379
63382
63384
63385
63387
63388
63389
63390
63391
63392
63393
63395
63396
63398
63402
63403
63406
63407
63410
63412
63413
63414
63415
63416
63418
63419
63421
63422
63425
63428
63431
63432
63433
63435
63436
63438
63440
63441
63443
63445
63446
63447
63448
63449
63450
63453
63454
63455
63456
63459
63462
63463
63465
63467
63469
63472
63474
63475
63476
63477
63481
63482
63486
63488
63489
63490
63492
63493
63494
63496
63497
63498
63499
63501
63503
63506
63507
63508
63509
63514
63515
63518
63521
63523
63526
63528
63529
63530
63532
63535
63538
63540
63541
63543
63548
63549
63550
63551
63552
63555
63556
63557
63558
63560
63562
63564
63565
63566
63572
63573
63574
63576
63580
63582
63584
63586
63588
63589
63593
63594
63595
63599
63601
63602
63606
63607
63609
63611
63612
63614
63617
63618
63620
63624
63626
63627
63628
63629
63632
63634
63635
63637
63639
63641
63642
63645
63647
63648
63650
63651
63656
63657
63658
63660
63661
63663
63664
63665
63666
63667
63669
63670
63671
63672
63674
63678
63681
63684
63685
63687
63688
63690
63691
63694
63695
63696
63697
63699
63700
63701
63703
63704
63706
63707
63709
63710
63711
63712
63714
63717
63718
63720
63721
63722
63723
63724
63727
63729
63730
63733
63735
63736
63739
63740
63743
63744
63747
63748
63750
63751
63752
63753
63754
63755
63756
63758
63760
63761
63764
63765
63766
63767
63768
63771
63772
63773
63774
63775
63778
63780
63781
63782
63784
63785
63786
63787
63788
63789
63790
63791
63792
63797
63798
63800
63801
63803
63805
63806
63809
63810
63812
63813
63815
63816
63818
63821
63822
63824
63825
63826
63827
63828
63834
63835
63836
63837
63838
63840
63842
63843
63845
63847
63849
63851
63853
63854
63856
63858
63860
63862
63863
63864
63865
63867
63869
63874
63875
63876
63877
63881
63882
63883
63886
63887
63888
63890
63892
63893
63894
63895
63898
63901
63904
63906
63907
63908
63910
63911
63912
63914
63915
63917
63919
63920
63921
63923
63924
63927
63928
63929
63932
63934
63936
63937
63938
63939
63940
63942
63944
63945
63946
63947
63949
63953
63954
63957
63958
63959
63962
63963
63965
63966
63968
63969
63970
63971
63974
63978
63981
63982
63983
63984
63986
63987
63988
63990
63991
63993
63994
63995
63996
63997
64000
64001
64002
64003
64004
64005
64006
64011
64012
64013
64017
64018
64021
64023
64024
64026
64027
64028
64031
64032
64033
64035
64038
64042
64043
64045
64047
64048
64052
64054
64055
64056
64057
64058
64062
64065
64067
64068
64069
64071
64072
64073
64078
64080
64082
64083
64085
64086
64088
64089
64090
64091
64093
64095
64096
64098
64100
64101
64102
64103
64104
64105
64106
64107
64108
64109
64110
64112
64113
64116
64118
64119
64121
64122
64123
64124
64126
64129
64130
64132
64136
64137
64138
64139
64140
64141
64143
64145
64147
64148
64152
64154
64155
64157
64158
64161
64165
64166
64168
64169
64170
64171
64173
64174
64175
64176
64177
64178
64179
64181
64182
64183
64184
64185
64186
64187
64188
64189
64190
64192
64193
64197
64201
64202
64203
64204
64205
64206
64209
64210
64211
64214
64215
64216
64217
64218
64219
64222
64223
64225
64226
64227
64228
64231
64232
64233
64234
64236
64239
64240
64241
64244
64247
64248
64249
64251
64252
64253
64254
64258
64259
64260
64262
64263
64264
64266
64267
64270
64271
64272
64275
64278
64281
64282
64283
64284
64285
64286
64289
64290
64291
64293
64294
64295
64299
64301
64302
64305
64306
64307
64309
64310
64311
64312
64313
64317
64318
64319
64320
64321
64322
64323
64330
64331
64332
64336
64337
64338
64339
64340
64343
64346
64348
64349
64352
64353
64354
64356
64357
64358
64360
64362
64363
64365
64366
64367
64368
64372
64373
64374
64375
64382
64383
64384
64386
64387
64390
64391
64392
64393
64394
64396
64397
64398
64399
64400
64402
64403
64404
64406
64409
64412
64413
64414
64415
64416
64417
64418
64419
64420
64421
64422
64424
64426
64430
64431
64433
64435
64436
64437
64438
64440
64442
64444
64445
64448
64451
64452
64455
64456
64458
64460
64462
64464
64466
64471
64472
64474
64475
64477
64479
64480
64482
64483
64484
64486
64487
64489
64491
64492
64493
64494
64500
64501
64504
64505
64506
64507
64508
64509
64510
64512
64514
64515
64516
64519
64520
64521
64522
64524
64525
64526
64527
64528
64529
64530
64531
64533
64536
64537
64540
64541
64542
64544
64545
64547
64548
64549
64552
64554
64557
64558
64559
64560
64563
64565
64566
64567
64568
64569
64575
64576
64577
64578
64580
64584
64587
64591
64592
64594
64595
64597
64598
64599
64600
64603
64606
64607
64608
64612
64613
64614
64615
64616
64618
64619
64620
64621
64622
64623
64624
64625
64626
64627
64630
64632
64634
64637
64640
64641
64642
64648
64650
64651
64652
64653
64655
64656
64659
64660
64664
64667
64668
64671
64672
64674
64675
64679
64680
64682
64683
64684
64686
64687
64690
64691
64692
64693
64696
64697
64698
64699
64701
64702
64703
64704
64705
64706
64709
64710
64711
64713
64714
64716
64717
64719
64722
64723
64724
64728
64730
64732
64733
64734
64735
64736
64737
64738
64740
64742
64743
64744
64745
64747
64748
64749
64751
64753
64754
64755
64756
64757
64758
64759
64761
64762
64766
64767
64768
64769
64770
64771
64774
64775
64776
64779
64781
64782
64786
64787
64788
64790
64793
64795
64798
64799
64800
64801
64803
64804
64808
64813
64815
64816
64818
64820
64821
64822
64827
64829
64832
64834
64838
64839
64842
64843
64844
64846
64849
64850
64852
64853
64854
64855
64856
64857
64858
64860
64861
64862
64864
64865
64866
64867
64870
64871
64872
64875
64876
64878
64881
64882
64883
64887
64888
64889
64893
64894
64895
64897
64899
64900
64901
64903
64904
64905
64907
64909
64910
64913
64915
64919
64920
64921
64923
64924
64925
64926
64927
64929
64930
64931
64933
64936
64937
64938
64940
64941
64942
64944
64946
64948
64950
64951
64954
64956
64957
64960
64961
64962
64963
64964
64968
64969
64970
64971
64976
64977
64978
64981
64983
64985
64987
64990
64993
64994
64996
64997
65003
65004
65005
65006
65007
65008
65009
65010
65012
65015
65016
65021
65022
65025
65032
65034
65036
65038
65039
65040
65043
65045
65046
65049
65050
65051
65053
65054
65056
65060
65061
65062
65063
65064
65065
65066
65067
65068
65069
65070
65071
65072
65073
65074
65075
65076
65077
65078
65079
65083
65084
65085
65086
65087
65088
65089
65092
65097
65098
65099
65100
65101
65102
65104
65105
65106
65109
65110
65111
65113
65114
65115
65116
65117
65118
65120
65121
65122
65123
65124
65129
65130
65131
65136
65137
65138
65139
65141
65143
65144
65145
65147
65148
65149
65151
65154
65155
65156
65157
65159
65160
65162
65163
65167
65171
65172
65173
65175
65176
65177
65178
65179
65180
65181
65182
65185
65186
65187
65188
65189
65190
65192
65193
65195
65197
65198
65199
65200
65202
65203
65205
65206
65207
65209
65211
65212
65213
65215
65216
65217
65218
65221
65222
65223
65226
65228
65229
65230
65231
65232
65235
65236
65237
65239
65240
65241
65242
65243
65245
65247
65248
65250
65251
65254
65255
65256
65258
65259
65260
65262
65263
65264
65265
65266
65267
65269
65270
65271
65273
65276
65277
65279
65281
65282
65283
65286
65287
65289
65291
65292
65293
65294
65295
65299
65300
65301
65303
65305
65306
65307
65310
65311
65313
65314
65315
65316
65317
65318
65322
65323
65324
65325
65326
65327
65328
65329
65330
65332
65334
65335
65336
65337
65338
65339
65340
65341
65342
65343
65344
65346
65350
65351
65353
65354
65357
65358
65359
65362
65364
65365
65366
65368
65371
65374
65375
65376
65377
65378
65379
65380
65381
65382
65383
65384
65385
65387
65388
65389
65390
65391
65393
65395
65396
65397
65401
65403
65404
65405
65409
65410
65411
65412
65415
65417
65419
65420
65421
65423
65426
65427
65428
65429
65430
65432
65433
65434
65436
65438
65439
65440
65441
65444
65446
65447
65448
65451
65452
65453
65454
65456
65457
65461
65462
65463
65464
65466
65467
65468
65469
65470
65471
65474
65475
65476
65479
65481
65482
65485
65486
65488
65489
65490
65492
65493
65494
65496
65497
65501
65502
65503
65507
65509
65510
65512
65515
65516
65517
65519
65521
65522
65526
65528
65532
65533
65534
65537
65539
65540
65541
65543
65545
65549
65550
65552
65553
65554
65555
65557
65558
65559
65560
65561
65562
65563
65564
65565
65569
65570
65571
65572
65574
65576
65580
65583
65584
65586
65587
65588
65589
65590
65592
65593
65594
65595
65596
65597
65598
65601
65602
65603
65604
65605
65606
65610
65612
65613
65615
65616
65617
65624
65625
65626
65627
65628
65629
65632
65633
65634
65636
65638
65639
65640
65641
65642
65643
65645
65646
65647
65652
65656
65657
65660
65661
65662
65663
65664
65666
65668
65672
65674
65676
65679
65680
65682
65683
65684
65685
65686
65689
65690
65691
65692
65693
65694
65696
65697
65698
65699
65700
65702
65703
65704
65705
65706
65707
65708
65710
65712
65713
65714
65716
65720
65722
65723
65724
65725
65726
65727
65728
65729
65730
65734
65736
65738
65741
65742
65743
65745
65746
65747
65748
65749
65750
65751
65755
65756
65758
65760
65761
65769
65770
65771
65772
65775
65776
65778
65779
65782
65784
65786
65787
65791
65793
65795
65797
65798
65799
65800
65801
65802
65804
65805
65808
65809
65815
65816
65817
65819
65821
65822
65823
65824
65827
65828
65829
65830
65831
65833
65834
65835
65836
65837
65838
65839
65840
65843
65844
65845
65846
65847
65848
65850
65851
65853
65855
65857
65859
65863
65864
65866
65869
65870
65871
65875
65876
65877
65880
65881
65884
65888
65889
65890
65891
65892
65893
65895
65899
65900
65901
65903
65904
65905
65906
65909
65911
65912
65913
65914
65915
65916
65917
65918
65920
65922
65923
65924
65927
65928
65929
65930
65931
65933
65934
65935
65937
65938
65939
65940
65943
65944
65946
65947
65948
65952
65954
65955
65956
65957
65958
65960
65961
65962
65965
65966
65967
65968
65969
65970
65971
65972
65973
65974
65978
65979
65980
65981
65985
65986
65987
65989
65991
65994
65995
65998
65999
66002
66004
66006
66007
66008
66015
66016
66018
66019
66021
66022
66026
66027
66028
66030
66031
66032
66033
66034
66035
66037
66038
66041
66042
66045
66047
66048
66049
66050
66051
66054
66055
66058
66059
66062
66063
66064
66065
66066
66068
66070
66071
66072
66073
66074
66076
66078
66080
66081
66082
66084
66086
66087
66088
66089
66090
66091
66093
66094
66096
66099
66101
66102
66104
66105
66106
66107
66108
66111
66112
66113
66114
66115
66117
66119
66120
66121
66125
66127
66131
66135
66136
66137
66138
66139
66141
66143
66145
66146
66147
66148
66149
66150
66151
66152
66153
66154
66155
66156
66158
66159
66161
66162
66163
66164
66165
66167
66168
66169
66170
66174
66175
66178
66180
66181
66183
66184
66187
66188
66190
66191
66193
66194
66195
66196
66197
66199
66200
66201
66202
66204
66208
66210
66211
66213
66214
66215
66217
66219
66220
66222
66224
66225
66226
66228
66229
66230
66232
66233
66234
66235
66236
66238
66240
66242
66243
66245
66246
66249
66250
66251
66252
66254
66256
66258
66259
66260
66261
66262
66263
66264
66265
66266
66267
66268
66269
66271
66272
66274
66275
66278
66279
66280
66283
66285
66286
66287
66288
66289
66291
66292
66294
66295
66296
66303
66304
66305
66306
66307
66309
66312
66314
66315
66316
66318
66320
66321
66322
66323
66324
66325
66326
66328
66329
66331
66332
66333
66334
66337
66338
66339
66340
66342
66343
66344
66346
66347
66349
66350
66351
66352
66353
66355
66359
66361
66362
66363
66364
66365
66366
66367
66369
66371
66373
66375
66377
66378
66380
66382
66383
66384
66385
66386
66391
66392
66393
66394
66395
66396
66399
66400
66401
66403
66404
66406
66407
66415
66416
66419
66420
66421
66422
66423
66424
66426
66428
66430
66432
66433
66435
66436
66437
66438
66439
66441
66443
66445
66448
66449
66451
66452
66453
66454
66455
66456
66458
66459
66464
66465
66466
66468
66469
66470
66473
66474
66476
66477
66479
66480
66481
66484
66490
66492
66493
66495
66496
66497
66498
66499
66500
66501
66502
66505
66506
66507
66509
66511
66513
66514
66516
66517
66518
66519
66523
66524
66525
66526
66528
66529
66530
66531
66532
66535
66536
66537
66538
66539
66541
66542
66543
66544
66545
66546
66550
66552
66553
66554
66558
66559
66561
66563
66565
66566
66567
66569
66570
66573
66575
66578
66580
66581
66583
66585
66589
66591
66592
66594
66595
66597
66598
66599
66602
66605
66606
66607
66614
66615
66620
66621
66622
66624
66625
66627
66628
66629
66633
66634
66635
66636
66637
66640
66642
66643
66645
66646
66649
66650
66651
66652
66654
66655
66656
66657
66659
66660
66662
66663
66664
66665
66667
66669
66670
66672
66674
66675
66677
66680
66682
66683
66685
66686
66687
66690
66691
66692
66693
66695
66698
66701
66702
66703
66704
66705
66706
66708
66713
66714
66715
66716
66717
66719
66720
66721
66724
66725
66726
66727
66729
66730
66731
66733
66736
66737
66738
66740
66742
66743
66744
66746
66747
66749
66750
66751
66752
66755
66756
66759
66761
66762
66763
66764
66766
66767
66768
66769
66771
66772
66773
66775
66776
66779
66781
66782
66785
66787
66790
66793
66796
66797
66801
66806
66807
66808
66809
66810
66811
66812
66816
66817
66818
66819
66821
66825
66827
66828
66830
66832
66834
66838
66839
66840
66841
66842
66843
66845
66846
66850
66851
66855
66856
66857
66859
66862
66864
66870
66871
66872
66873
66875
66876
66882
66884
66887
66892
66893
66894
66897
66900
66901
66902
66903
66905
66906
66907
66908
66911
66912
66913
66914
66915
66916
66918
66922
66924
66925
66926
66928
66934
66935
66936
66937
66939
66942
66943
66946
66948
66949
66951
66953
66956
66957
66958
66961
66963
66964
66966
66967
66968
66970
66972
66974
66975
66976
66977
66978
66979
66980
66984
66985
66987
66990
66991
66992
66993
66994
66997
66999
67000
67003
67004
67005
67006
67007
67009
67011
67012
67014
67015
67019
67021
67023
67024
67025
67027
67031
67033
67035
67040
67043
67045
67046
67047
67048
67049
67050
67051
67052
67054
67057
67059
67060
67062
67063
67066
67067
67068
67070
67076
67077
67079
67081
67084
67085
67089
67093
67094
67095
67096
67098
67099
67101
67102
67103
67104
67105
67106
67107
67108
67109
67110
67111
67112
67114
67115
67116
67117
67118
67119
67120
67122
67123
67124
67126
67127
67128
67129
67130
67132
67135
67136
67137
67139
67140
67141
67143
67146
67147
67148
67149
67150
67153
67154
67155
67157
67158
67161
67163
67164
67165
67166
67171
67172
67176
67177
67178
67184
67187
67188
67189
67191
67192
67193
67196
67205
67206
67207
67208
67209
67211
67212
67213
67215
67220
67221
67223
67224
67228
67230
67231
67232
67233
67234
67237
67239
67241
67242
67245
67247
67250
67252
67253
67254
67256
67258
67259
67261
67262
67263
67264
67266
67268
67270
67271
67272
67273
67275
67276
67279
67282
67287
67288
67289
67291
67292
67293
67294
67295
67296
67297
67299
67301
67302
67303
67304
67305
67307
67308
67310
67312
67314
67315
67316
67317
67318
67319
67320
67323
67324
67325
67326
67333
67338
67339
67340
67341
67343
67346
67349
67350
67351
67353
67355
67359
67364
67365
67366
67367
67372
67373
67375
67376
67377
67380
67387
67388
67391
67392
67394
67396
67397
67399
67403
67405
67406
67407
67409
67410
67411
67413
67414
67415
67417
67418
67421
67423
67424
67425
67429
67430
67431
67432
67433
67434
67437
67438
67439
67440
67442
67443
67444
67445
67446
67449
67450
67451
67452
67453
67456
67457
67458
67459
67460
67462
67463
67464
67466
67470
67471
67472
67473
67475
67477
67478
67479
67481
67485
67486
67487
67489
67490
67495
67497
67498
67504
67505
67506
67507
67511
67512
67513
67514
67517
67518
67520
67521
67522
67523
67524
67525
67528
67529
67530
67534
67537
67538
67540
67541
67544
67545
67546
67548
67552
67554
67555
67556
67557
67558
67560
67563
67565
67566
67567
67568
67569
67570
67571
67572
67574
67575
67576
67577
67582
67584
67585
67586
67588
67589
67592
67595
67596
67598
67599
67602
67610
67611
67614
67615
67616
67617
67618
67619
67625
67627
67629
67630
67631
67632
67633
67634
67636
67637
67639
67640
67642
67643
67644
67646
67648
67649
67650
67652
67653
67656
67657
67658
67659
67660
67663
67664
67665
67666
67668
67669
67670
67671
67673
67677
67678
67680
67682
67683
67685
67686
67687
67688
67690
67693
67694
67695
67696
67698
67700
67701
67702
67704
67705
67708
67709
67711
67714
67715
67716
67717
67718
67720
67721
67723
67724
67725
67726
67727
67728
67729
67730
67732
67737
67738
67739
67742
67745
67747
67749
67750
67752
67754
67755
67763
67764
67765
67768
67769
67772
67778
67782
67784
67785
67786
67787
67788
67792
67793
67794
67797
67800
67801
67802
67803
67804
67806
67807
67808
67809
67812
67814
67818
67820
67821
67822
67823
67824
67826
67828
67834
67835
67836
67837
67839
67841
67842
67845
67847
67849
67850
67852
67855
67856
67859
67860
67862
67865
67866
67867
67869
67870
67871
67873
67875
67879
67881
67883
67884
67886
67888
67889
67890
67891
67892
67894
67895
67896
67898
67899
67900
67902
67903
67905
67906
67907
67908
67909
67910
67913
67914
67917
67918
67921
67923
67924
67925
67929
67930
67931
67933
67934
67936
67939
67940
67941
67942
67943
67944
67945
67946
67947
67948
67949
67950
67951
67952
67953
67954
67955
67956
67957
67958
67959
67961
67962
67963
67966
67968
67970
67974
67976
67978
67980
67981
67982
67984
67987
67988
67989
67991
67994
67995
67996
67997
68001
68003
68005
68006
68007
68008
68010
68011
68014
68015
68019
68021
68022
68023
68024
68025
68026
68030
68031
68033
68034
68035
68037
68038
68041
68044
68045
68046
68048
68049
68050
68051
68052
68054
68055
68058
68059
68062
68063
68065
68067
68068
68069
68070
68071
68072
68073
68074
68075
68077
68079
68083
68084
68085
68086
68089
68091
68092
68094
68095
68100
68101
68105
68106
68107
68109
68110
68113
68114
68116
68117
68118
68119
68120
68121
68123
68124
68125
68126
68128
68130
68131
68134
68136
68137
68138
68139
68140
68141
68143
68144
68146
68148
68149
68150
68151
68153
68154
68156
68157
68158
68162
68163
68166
68167
68169
68171
68173
68174
68175
68176
68181
68182
68184
68185
68186
68187
68189
68193
68195
68196
68198
68201
68202
68203
68204
68205
68210
68212
68214
68215
68216
68217
68218
68222
68224
68226
68227
68228
68230
68232
68234
68235
68236
68240
68241
68243
68246
68247
68249
68250
68252
68253
68254
68255
68256
68261
68263
68265
68267
68269
68270
68271
68275
68276
68277
68278
68280
68281
68282
68287
68289
68290
68291
68292
68293
68294
68295
68296
68297
68298
68299
68301
68302
68303
68306
68307
68308
68309
68310
68311
68312
68314
68315
68316
68318
68322
68324
68325
68330
68331
68335
68336
68337
68338
68342
68343
68345
68346
68347
68348
68349
68354
68355
68356
68357
68358
68359
68360
68361
68362
68363
68364
68365
68367
68369
68370
68372
68373
68375
68376
68381
68382
68383
68384
68385
68386
68387
68389
68390
68391
68392
68394
68395
68396
68398
68399
68400
68401
68402
68405
68406
68407
68408
68409
68410
68411
68412
68413
68414
68415
68416
68418
68420
68422
68423
68427
68429
68430
68432
68434
68438
68441
68446
68447
68454
68455
68457
68458
68461
68464
68466
68467
68468
68469
68471
68473
68475
68476
68478
68479
68480
68483
68485
68487
68489
68490
68491
68492
68494
68495
68496
68500
68503
68506
68507
68509
68512
68513
68514
68515
68517
68518
68520
68522
68523
68526
68528
68531
68532
68533
68534
68537
68538
68540
68541
68545
68546
68548
68552
68553
68554
68557
68560
68561
68562
68564
68565
68567
68568
68571
68572
68575
68577
68579
68580
68581
68583
68585
68587
68588
68590
68591
68592
68594
68596
68600
68601
68602
68604
68606
68607
68609
68610
68614
68616
68617
68618
68619
68620
68621
68623
68624
68627
68628
68631
68634
68637
68639
68643
68644
68645
68646
68647
68648
68650
68651
68652
68653
68655
68657
68658
68660
68661
68664
68667
68669
68671
68675
68676
68679
68680
68682
68683
68686
68688
68691
68692
68693
68695
68698
68699
68700
68701
68704
68705
68706
68708
68710
68712
68713
68717
68718
68719
68722
68723
68724
68726
68728
68731
68732
68733
68735
68736
68737
68738
68739
68740
68741
68743
68744
68745
68747
68749
68750
68751
68752
68753
68755
68756
68757
68759
68761
68762
68763
68766
68768
68770
68772
68773
68774
68776
68778
68779
68780
68783
68785
68786
68789
68790
68792
68793
68794
68795
68797
68798
68801
68802
68804
68806
68807
68809
68812
68813
68814
68816
68818
68820
68824
68825
68826
68827
68829
68830
68831
68834
68835
68837
68838
68840
68841
68845
68846
68848
68849
68850
68851
68853
68854
68856
68859
68861
68862
68863
68864
68865
68866
68867
68870
68873
68874
68875
68876
68880
68883
68887
68888
68889
68891
68893
68894
68895
68897
68898
68900
68902
68903
68904
68907
68908
68912
68914
68915
68916
68917
68918
68919
68921
68922
68926
68928
68929
68933
68935
68936
68938
68939
68940
68943
68944
68946
68947
68948
68949
68950
68951
68952
68953
68954
68956
68959
68961
68964
68965
68967
68968
68970
68971
68972
68974
68975
68976
68978
68980
68981
68982
68983
68988
68989
68993
68994
68997
68998
68999
69000
69002
69004
69007
69008
69009
69010
69011
69012
69013
69015
69016
69017
69019
69020
69022
69023
69024
69025
69026
69027
69029
69032
69034
69037
69038
69039
69041
69042
69043
69044
69045
69046
69048
69049
69051
69052
69054
69056
69058
69059
69060
69063
69066
69069
69070
69072
69073
69074
69075
69076
69077
69078
69079
69081
69083
69088
69089
69090
69091
69094
69096
69098
69099
69101
69102
69104
69106
69107
69110
69111
69113
69114
69115
69116
69119
69123
69124
69125
69126
69128
69130
69134
69135
69136
69137
69140
69141
69144
69148
69149
69150
69151
69152
69154
69158
69159
69160
69161
69162
69163
69164
69168
69169
69170
69172
69174
69175
69176
69178
69181
69183
69184
69185
69186
69187
69188
69189
69190
69191
69192
69193
69195
69196
69199
69201
69204
69206
69208
69209
69211
69213
69214
69215
69216
69217
69219
69220
69221
69222
69223
69224
69234
69235
69237
69239
69240
69241
69243
69244
69245
69246
69247
69249
69251
69254
69255
69256
69257
69262
69263
69265
69267
69269
69271
69274
69275
69276
69277
69278
69279
69281
69283
69284
69289
69290
69291
69294
69295
69296
69298
69300
69301
69305
69306
69308
69309
69311
69312
69313
69316
69317
69318
69319
69320
69324
69325
69326
69328
69330
69331
69332
69333
69335
69336
69337
69338
69339
69343
69344
69347
69348
69349
69350
69351
69352
69353
69354
69355
69356
69358
69359
69361
69362
69363
69364
69366
69367
69369
69370
69373
69376
69377
69378
69380
69381
69385
69386
69387
69388
69390
69392
69393
69395
69397
69398
69399
69401
69402
69407
69408
69411
69412
69413
69414
69415
69417
69419
69421
69423
69424
69425
69428
69429
69430
69431
69433
69434
69436
69437
69438
69442
69443
69444
69445
69449
69450
69452
69453
69454
69458
69459
69460
69461
69462
69463
69467
69468
69469
69470
69471
69473
69476
69477
69479
69480
69481
69485
69486
69489
69490
69492
69493
69494
69495
69496
69500
69501
69503
69504
69505
69508
69510
69511
69512
69515
69516
69517
69518
69519
69521
69524
69525
69528
69531
69535
69536
69538
69539
69541
69542
69544
69546
69547
69549
69552
69553
69554
69555
69557
69558
69560
69561
69562
69563
69564
69565
69566
69568
69569
69571
69572
69573
69574
69576
69577
69579
69580
69581
69585
69586
69587
69588
69589
69590
69591
69592
69594
69595
69596
69597
69598
69601
69602
69604
69605
69607
69608
69609
69611
69612
69614
69615
69616
69622
69623
69625
69626
69627
69628
69629
69630
69632
69633
69634
69636
69638
69639
69640
69642
69643
69644
69645
69646
69647
69648
69649
69651
69654
69656
69659
69663
69665
69666
69669
69672
69673
69676
69677
69678
69679
69681
69683
69684
69685
69686
69687
69688
69690
69691
69692
69693
69694
69695
69697
69698
69700
69701
69702
69703
69706
69710
69713
69714
69716
69719
69721
69727
69728
69730
69733
69737
69739
69743
69744
69745
69746
69747
69748
69753
69754
69755
69756
69757
69758
69759
69760
69761
69762
69764
69765
69768
69770
69772
69773
69774
69776
69779
69782
69784
69787
69789
69791
69795
69796
69798
69799
69800
69801
69802
69803
69805
69806
69808
69810
69811
69812
69814
69815
69816
69817
69819
69820
69822
69824
69825
69826
69827
69828
69829
69830
69831
69833
69834
69836
69837
69838
69840
69842
69843
69848
69849
69850
69851
69852
69853
69854
69857
69859
69860
69862
69864
69866
69867
69868
69869
69870
69871
69872
69874
69876
69877
69878
69880
69883
69885
69893
69898
69899
69901
69906
69907
69912
69913
69914
69918
69919
69921
69922
69925
69926
69928
69932
69933
69935
69936
69937
69938
69940
69942
69943
69944
69946
69947
69948
69949
69950
69951
69952
69953
69956
69964
69965
69969
69970
69971
69972
69973
69974
69975
69977
69978
69980
69982
69983
69985
69986
69987
69989
69990
69992
69993
69995
69996
69998
70000
70001
70002
70006
70007
70009
70010
70011
70012
70014
70016
70019
70020
70021
70023
70025
70026
70030
70031
70034
70037
70038
70040
70041
70043
70044
70046
70047
70049
70051
70052
70053
70055
70056
70057
70058
70059
70060
70061
70062
70063
70064
70066
70067
70069
70074
70076
70077
70078
70079
70080
70082
70083
70084
70085
70087
70089
70090
70095
70096
70097
70098
70100
70101
70102
70103
70104
70106
70107
70109
70113
70116
70117
70118
70120
70121
70123
70126
70127
70128
70131
70134
70138
70139
70140
70141
70142
70143
70144
70145
70148
70150
70151
70152
70153
70155
70156
70157
70158
70159
70160
70161
70162
70164
70165
70169
70171
70173
70174
70175
70176
70177
70178
70180
70182
70183
70184
70188
70189
70190
70194
70196
70197
70199
70202
70203
70205
70206
70208
70210
70212
70215
70217
70218
70220
70223
70224
70225
70226
70227
70228
70229
70231
70232
70233
70234
70237
70238
70239
70240
70244
70245
70248
70249
70251
70253
70255
70256
70257
70260
70262
70263
70265
70267
70268
70271
70273
70275
70276
70277
70278
70279
70280
70283
70284
70285
70286
70287
70289
70290
70291
70292
70293
70294
70295
70297
70298
70299
70300
70301
70302
70303
70304
70305
70307
70311
70312
70313
70315
70316
70318
70320
70321
70322
70323
70324
70326
70327
70329
70331
70334
70336
70337
70338
70339
70340
70341
70342
70343
70344
70345
70346
70348
70350
70351
70352
70353
70354
70355
70358
70359
70360
70362
70363
70366
70371
70372
70373
70374
70375
70376
70377
70380
70381
70383
70385
70386
70388
70389
70391
70392
70393
70394
70395
70398
70399
70400
70402
70403
70405
70406
70407
70410
70411
70412
70414
70415
70416
70417
70419
70421
70423
70426
70427
70431
70433
70434
70436
70437
70438
70440
70441
70442
70443
70444
70445
70446
70450
70452
70453
70454
70457
70458
70460
70461
70462
70463
70465
70467
70468
70471
70473
70476
70478
70479
70480
70481
70482
70483
70484
70485
70486
70487
70489
70491
70492
70496
70499
70501
70502
70503
70504
70505
70507
70508
70509
70510
70512
70513
70514
70516
70518
70520
70521
70522
70523
70526
70527
70534
70535
70536
70537
70538
70539
70540
70541
70543
70546
70548
70549
70550
70560
70564
70567
70568
70569
70570
70572
70574
70576
70577
70581
70582
70583
70584
70585
70586
70587
70588
70589
70591
70592
70593
70594
70595
70596
70597
70598
70599
70600
70601
70602
70603
70604
70605
70607
70608
70609
70613
70614
70615
70616
70617
70619
70620
70623
70624
70625
70626
70627
70628
70629
70631
70632
70633
70634
70635
70636
70637
70642
70643
70651
70653
70654
70655
70656
70657
70659
70660
70662
70663
70664
70665
70667
70668
70670
70672
70674
70675
70677
70679
70680
70682
70683
70685
70686
70687
70689
70691
70692
70693
70696
70698
70699
70700
70703
70704
70705
70707
70708
70712
70713
70715
70717
70718
70719
70720
70721
70722
70723
70726
70727
70731
70732
70733
70734
70735
70736
70738
70741
70742
70743
70744
70745
70749
70750
70753
70754
70758
70760
70761
70765
70766
70767
70768
70770
70771
70772
70774
70776
70779
70780
70781
70782
70783
70784
70786
70787
70788
70789
70790
70792
70793
70794
70795
70796
70798
70799
70801
70802
70803
70804
70805
70806
70810
70811
70815
70816
70817
70818
70819
70821
70822
70826
70827
70829
70832
70833
70836
70839
70840
70842
70845
70846
70847
70848
70850
70851
70852
70853
70854
70856
70861
70862
70863
70864
70865
70869
70870
70871
70873
70874
70875
70876
70878
70879
70881
70883
70887
70889
70890
70891
70892
70896
70900
70901
70902
70903
70904
70906
70907
70910
70911
70912
70913
70914
70915
70916
70917
70919
70920
70921
70922
70923
70924
70925
70926
70927
70930
70931
70932
70933
70935
70937
70939
70940
70942
70943
70946
70948
70949
70952
70953
70955
70956
70960
70961
70962
70964
70965
70966
70967
70969
70972
70973
70974
70975
70976
70978
70980
70981
70982
70983
70986
70987
70988
70989
70990
70993
70995
70996
70998
70999
71001
71002
71006
71008
71010
71014
71015
71016
71017
71022
71023
71025
71026
71027
71028
71029
71031
71032
71033
71034
71035
71036
71037
71040
71041
71042
71043
71044
71045
71046
71047
71049
71051
71052
71053
71054
71056
71057
71058
71059
71060
71061
71062
71067
71068
71069
71072
71073
71076
71078
71080
71081
71082
71085
71087
71089
71090
71093
71094
71095
71096
71098
71100
71101
71102
71103
71104
71105
71106
71107
71108
71111
71112
71113
71114
71115
71118
71119
71120
71121
71122
71125
71126
71127
71128
71131
71132
71133
71134
71135
71136
71137
71141
71142
71143
71144
71146
71148
71150
71152
71155
71158
71159
71160
71161
71162
71163
71164
71165
71166
71168
71169
71170
71171
71173
71177
71178
71180
71181
71183
71184
71185
71186
71187
71188
71189
71190
71192
71193
71194
71196
71198
71199
71200
71202
71203
71204
71205
71206
71207
71208
71210
71212
71214
71215
71216
71217
71219
71221
71222
71226
71228
71229
71230
71232
71233
71235
71237
71238
71239
71242
71243
71245
71249
71250
71253
71256
71259
71260
71261
71262
71264
71265
71266
71267
71268
71269
71270
71271
71272
71273
71276
71277
71278
71279
71280
71281
71282
71283
71284
71290
71291
71293
71294
71297
71299
71300
71301
71303
71304
71305
71307
71308
71312
71314
71319
71320
71321
71322
71323
71325
71326
71327
71329
71330
71332
71333
71338
71342
71344
71345
71346
71349
71351
71354
71356
71358
71360
71362
71363
71366
71367
71370
71372
71373
71375
71377
71380
71381
71382
71383
71384
71385
71386
71387
71390
71391
71392
71398
71403
71406
71408
71409
71410
71411
71412
71413
71414
71416
71417
71421
71424
71425
71426
71427
71428
71429
71430
71433
71435
71436
71437
71438
71439
71441
71442
71443
71447
71449
71450
71453
71454
71455
71457
71461
71462
71464
71465
71466
71467
71470
71471
71474
71475
71477
71478
71479
71480
71481
71482
71485
71488
71490
71491
71493
71494
71495
71496
71498
71499
71500
71501
71502
71503
71506
71508
71510
71512
71513
71516
71518
71519
71520
71521
71523
71524
71525
71527
71528
71533
71534
71536
71540
71542
71543
71545
71546
71547
71550
71554
71555
71558
71559
71560
71562
71563
71564
71566
71571
71572
71574
71576
71577
71579
71580
71581
71582
71583
71585
71586
71587
71588
71589
71590
71591
71592
71594
71595
71596
71598
71600
71601
71603
71606
71607
71609
71611
71616
71617
71620
71621
71622
71623
71625
71626
71628
71629
71631
71632
71633
71634
71636
71637
71638
71639
71640
71642
71643
71644
71645
71646
71648
71650
71651
71652
71653
71660
71661
71667
71670
71671
71672
71673
71674
71676
71677
71678
71680
71681
71682
71683
71685
71686
71687
71688
71690
71693
71694
71697
71699
71700
71703
71704
71705
71708
71711
71712
71715
71716
71717
71718
71732
71733
71734
71736
71738
71739
71740
71741
71744
71746
71747
71748
71751
71753
71754
71756
71757
71758
71759
71761
71762
71764
71765
71766
71767
71768
71769
71770
71772
71774
71775
71777
71780
71782
71783
71784
71785
71790
71792
71793
71796
71797
71799
71800
71801
71802
71803
71806
71808
71809
71810
71811
71812
71815
71816
71819
71823
71827
71828
71829
71832
71833
71834
71835
71840
71842
71843
71844
71845
71846
71847
71849
71853
71854
71855
71856
71858
71859
71860
71864
71866
71868
71869
71871
71872
71873
71875
71876
71877
71878
71880
71882
71883
71884
71886
71887
71888
71890
71891
71892
71893
71894
71898
71899
71902
71903
71904
71905
71906
71908
71909
71910
71911
71913
71914
71917
71920
71922
71924
71925
71926
71929
71931
71933
71937
71938
71939
71940
71943
71949
71950
71952
71953
71954
71956
71957
71960
71961
71962
71965
71970
71971
71972
71973
71979
71980
71982
71987
71988
71991
71992
71994
71995
71997
71998
71999
72000
72001
72002
72003
72007
72008
72009
72010
72011
72012
72015
72016
72017
72018
72019
72020
72025
72027
72028
72030
72031
72032
72033
72034
72036
72038
72041
72044
72046
72047
72048
72051
72052
72053
72054
72056
72057
72058
72059
72061
72063
72064
72065
72066
72067
72069
72070
72072
72073
72074
72075
72076
72078
72079
72080
72081
72083
72084
72086
72087
72088
72090
72094
72097
72098
72099
72100
72101
72102
72103
72104
72105
72106
72107
72109
72110
72112
72113
72114
72117
72118
72120
72122
72124
72125
72126
72127
72129
72130
72131
72134
72135
72136
72137
72140
72141
72143
72144
72146
72149
72151
72152
72153
72156
72157
72158
72159
72162
72163
72165
72166
72167
72168
72170
72171
72172
72173
72176
72180
72181
72183
72184
72187
72189
72190
72191
72192
72195
72196
72197
72199
72200
72201
72203
72205
72206
72208
72211
72217
72219
72220
72222
72223
72224
72225
72226
72228
72229
72230
72231
72234
72235
72236
72237
72239
72241
72245
72246
72248
72249
72250
72252
72254
72257
72258
72259
72260
72261
72264
72266
72267
72271
72275
72276
72278
72279
72280
72281
72283
72284
72285
72287
72288
72290
72291
72292
72293
72295
72296
72299
72302
72304
72306
72310
72311
72313
72315
72316
72319
72320
72321
72322
72323
72325
72326
72327
72329
72331
72332
72333
72334
72337
72340
72341
72342
72344
72345
72347
72348
72349
72350
72351
72353
72354
72356
72358
72359
72360
72363
72364
72365
72367
72370
72371
72372
72373
72376
72378
72384
72385
72386
72387
72389
72394
72397
72398
72400
72401
72402
72404
72406
72409
72410
72411
72412
72414
72416
72417
72418
72419
72421
72422
72424
72425
72426
72427
72429
72431
72432
72433
72434
72436
72437
72438
72442
72444
72445
72446
72447
72448
72449
72450
72451
72452
72453
72459
72461
72462
72463
72464
72465
72467
72468
72469
72470
72471
72472
72474
72475
72476
72477
72479
72481
72482
72484
72485
72488
72490
72491
72493
72494
72495
72497
72501
72502
72503
72504
72507
72508
72509
72513
72514
72515
72516
72517
72520
72522
72523
72525
72529
72531
72532
72534
72535
72536
72537
72538
72540
72541
72542
72545
72548
72549
72550
72551
72553
72554
72555
72556
72558
72559
72560
72562
72564
72565
72566
72568
72571
72572
72573
72575
72578
72581
72582
72583
72591
72593
72594
72598
72599
72600
72601
72603
72605
72607
72612
72614
72615
72616
72617
72619
72620
72622
72624
72625
72629
72630
72631
72632
72634
72635
72637
72640
72643
72645
72647
72648
72649
72652
72654
72656
72657
72658
72661
72666
72667
72669
72671
72672
72678
72679
72681
72685
72687
72688
72696
72697
72698
72700
72701
72703
72704
72705
72706
72709
72710
72711
72712
72713
72714
72715
72716
72718
72725
72726
72727
72729
72730
72732
72733
72736
72737
72739
72740
72744
72745
72747
72748
72749
72752
72753
72756
72757
72758
72760
72763
72770
72771
72772
72773
72775
72776
72780
72782
72783
72784
72785
72786
72787
72789
72790
72792
72793
72794
72796
72798
72800
72801
72802
72803
72805
72808
72809
72810
72814
72815
72816
72817
72821
72822
72825
72826
72830
72833
72835
72836
72838
72839
72840
72841
72843
72844
72846
72850
72853
72855
72858
72860
72862
72864
72865
72867
72868
72871
72872
72874
72880
72883
72885
72886
72888
72894
72895
72897
72898
72899
72901
72905
72909
72910
72911
72912
72913
72914
72915
72917
72918
72920
72922
72923
72924
72925
72926
72927
72928
72931
72933
72935
72936
72938
72940
72941
72944
72946
72947
72948
72950
72951
72952
72953
72954
72955
72957
72958
72961
72962
72966
72969
72970
72973
72974
72975
72976
72978
72980
72982
72984
72985
72986
72988
72990
72992
72993
72994
72996
72997
72999
73001
73002
73003
73006
73008
73009
73010
73013
73014
73016
73017
73018
73020
73021
73023
73024
73025
73031
73032
73034
73035
73036
73037
73044
73045
73046
73048
73052
73053
73054
73055
73056
73057
73058
73060
73061
73062
73064
73065
73067
73068
73070
73071
73077
73079
73080
73082
73083
73084
73086
73087
73089
73090
73091
73092
73095
73096
73098
73100
73101
73102
73105
73107
73108
73110
73114
73116
73118
73121
73123
73126
73130
73131
73133
73137
73140
73141
73142
73143
73147
73149
73152
73153
73155
73157
73158
73159
73160
73161
73162
73163
73164
73167
73169
73170
73171
73172
73174
73175
73176
73177
73179
73180
73181
73182
73183
73184
73187
73190
73191
73194
73195
73196
73197
73199
73200
73205
73206
73207
73208
73211
73214
73215
73217
73218
73219
73220
73221
73222
73223
73224
73225
73226
73227
73229
73230
73233
73234
73236
73240
73241
73242
73243
73244
73246
73247
73250
73252
73253
73257
73258
73261
73262
73263
73264
73266
73267
73268
73269
73270
73272
73273
73276
73277
73278
73280
73281
73283
73284
73288
73289
73292
73293
73294
73296
73297
73298
73300
73301
73302
73304
73305
73306
73307
73308
73309
73311
73314
73316
73317
73318
73319
73320
73322
73324
73325
73326
73327
73328
73333
73334
73335
73336
73337
73339
73340
73343
73344
73345
73346
73348
73349
73350
73351
73352
73354
73358
73361
73363
73365
73367
73369
73370
73373
73374
73379
73382
73385
73386
73388
73391
73392
73393
73396
73397
73398
73402
73403
73404
73405
73409
73411
73413
73414
73416
73417
73418
73420
73422
73423
73425
73426
73429
73431
73433
73435
73436
73438
73439
73440
73441
73444
73445
73446
73447
73449
73452
73453
73454
73455
73457
73459
73462
73463
73464
73466
73467
73469
73471
73474
73476
73477
73478
73479
73480
73481
73482
73483
73486
73488
73493
73494
73496
73497
73498
73499
73502
73503
73505
73508
73510
73511
73513
73514
73518
73519
73523
73524
73526
73527
73528
73530
73532
73533
73535
73537
73542
73544
73545
73546
73549
73550
73551
73552
73554
73556
73557
73558
73559
73560
73561
73563
73564
73565
73566
73567
73570
73576
73577
73578
73579
73581
73583
73584
73586
73587
73588
73589
73591
73593
73594
73595
73596
73597
73600
73602
73604
73605
73606
73607
73608
73609
73610
73614
73615
73616
73617
73618
73619
73620
73621
73622
73624
73625
73626
73629
73630
73633
73635
73636
73637
73638
73639
73640
73641
73646
73650
73651
73654
73656
73657
73659
73660
73663
73666
73668
73669
73670
73671
73672
73673
73674
73675
73676
73677
73678
73679
73681
73683
73684
73686
73687
73691
73693
73695
73697
73698
73700
73701
73702
73705
73706
73707
73709
73710
73713
73716
73719
73720
73722
73723
73724
73725
73726
73727
73729
73730
73732
73733
73734
73737
73739
73741
73743
73745
73746
73747
73750
73751
73752
73753
73755
73756
73758
73759
73760
73761
73762
73763
73765
73766
73767
73768
73769
73770
73771
73773
73774
73775
73776
73777
73778
73780
73781
73785
73786
73787
73788
73789
73790
73792
73793
73795
73796
73797
73799
73801
73803
73804
73805
73807
73808
73809
73811
73812
73814
73815
73816
73827
73828
73830
73833
73835
73836
73837
73838
73839
73840
73841
73844
73845
73847
73848
73850
73851
73856
73861
73862
73864
73866
73867
73869
73870
73872
73874
73875
73876
73877
73879
73880
73881
73883
73885
73886
73888
73889
73891
73892
73893
73894
73895
73898
73902
73905
73909
73910
73911
73912
73913
73914
73915
73916
73917
73918
73920
73921
73922
73923
73924
73925
73926
73928
73929
73931
73932
73934
73937
73938
73939
73940
73943
73944
73945
73949
73950
73952
73953
73956
73958
73961
73963
73965
73967
73968
73969
73970
73971
73975
73976
73977
73978
73980
73981
73982
73983
73984
73986
73987
73989
73991
73994
73995
73997
73999
74002
74004
74006
74009
74014
74015
74016
74019
74020
74022
74023
74026
74028
74033
74035
74036
74037
74038
74039
74041
74043
74044
74045
74047
74048
74049
74050
74053
74055
74056
74058
74060
74061
74063
74066
74068
74070
74071
74072
74073
74074
74075
74076
74077
74078
74079
74080
74081
74083
74084
74085
74086
74087
74088
74091
74092
74094
74095
74097
74098
74104
74105
74106
74107
74109
74111
74113
74114
74115
74116
74117
74118
74119
74120
74122
74123
74124
74125
74126
74127
74128
74129
74132
74133
74137
74138
74139
74140
74142
74143
74144
74145
74146
74147
74148
74149
74150
74151
74153
74154
74155
74156
74157
74159
74160
74161
74162
74164
74166
74167
74168
74169
74170
74171
74173
74174
74175
74176
74178
74179
74180
74181
74183
74186
74187
74191
74192
74193
74194
74197
74198
74199
74200
74203
74204
74208
74209
74210
74211
74213
74215
74216
74219
74220
74223
74224
74226
74227
74229
74233
74235
74236
74238
74239
74242
74243
74244
74245
74246
74247
74248
74249
74250
74252
74253
74255
74258
74259
74261
74262
74263
74264
74265
74266
74269
74270
74272
74277
74280
74281
74282
74283
74285
74286
74287
74288
74290
74291
74292
74293
74294
74295
74297
74298
74299
74301
74303
74305
74306
74307
74309
74310
74311
74312
74317
74318
74321
74322
74323
74325
74328
74330
74332
74335
74336
74338
74339
74340
74341
74344
74346
74348
74351
74355
74356
74357
74358
74359
74360
74362
74363
74364
74365
74366
74367
74368
74369
74370
74371
74373
74375
74376
74381
74382
74383
74385
74387
74388
74389
74391
74392
74393
74395
74396
74397
74398
74400
74401
74402
74403
74404
74405
74407
74408
74409
74410
74413
74414
74417
74418
74419
74420
74422
74424
74426
74427
74428
74431
74434
74437
74439
74440
74442
74445
74447
74449
74451
74454
74455
74456
74457
74459
74462
74463
74465
74466
74467
74468
74469
74470
74471
74472
74473
74475
74476
74477
74481
74482
74483
74486
74488
74490
74493
74494
74495
74496
74497
74498
74499
74500
74501
74502
74503
74506
74507
74508
74509
74510
74511
74514
74516
74519
74520
74521
74522
74523
74524
74525
74527
74528
74530
74531
74532
74533
74534
74535
74536
74537
74538
74540
74541
74542
74543
74550
74551
74552
74553
74554
74556
74559
74561
74562
74563
74564
74565
74568
74569
74570
74571
74572
74573
74574
74576
74579
74582
74587
74588
74590
74591
74596
74597
74598
74599
74600
74601
74605
74606
74608
74609
74612
74613
74618
74623
74625
74628
74629
74631
74632
74634
74635
74636
74638
74641
74642
74643
74645
74648
74649
74650
74651
74652
74654
74655
74656
74657
74658
74659
74660
74661
74663
74666
74667
74672
74675
74680
74681
74683
74684
74685
74687
74688
74690
74691
74692
74695
74697
74698
74702
74704
74706
74707
74708
74709
74711
74713
74714
74715
74716
74717
74718
74721
74724
74725
74727
74728
74729
74730
74731
74733
74734
74736
74738
74741
74744
74747
74748
74750
74752
74754
74755
74757
74761
74763
74765
74766
74771
74777
74779
74781
74782
74783
74787
74788
74790
74792
74793
74794
74795
74796
74797
74800
74801
74804
74808
74809
74811
74812
74814
74815
74818
74820
74822
74823
74824
74829
74830
74831
74832
74833
74834
74835
74836
74837
74839
74841
74842
74843
74844
74849
74850
74851
74854
74855
74856
74857
74859
74860
74863
74864
74866
74867
74868
74870
74871
74872
74874
74875
74877
74878
74879
74880
74882
74884
74885
74887
74888
74889
74892
74893
74894
74896
74897
74899
74901
74903
74904
74905
74906
74908
74910
74911
74912
74914
74915
74916
74918
74919
74920
74922
74925
74926
74929
74930
74932
74933
74934
74935
74936
74937
74939
74942
74946
74947
74949
74950
74952
74954
74955
74956
74958
74959
74960
74961
74962
74963
74964
74965
74967
74968
74971
74972
74973
74974
74976
74977
74978
74981
74983
74984
74986
74991
74992
74994
74995
74996
74998
74999
75000
75001
75006
75008
75013
75015
75016
75017
75022
75024
75028
75029
75030
75031
75035
75036
75037
75039
75041
75043
75044
75046
75047
75048
75049
75050
75051
75055
75056
75057
75058
75059
75061
75062
75063
75065
75066
75067
75068
75069
75070
75072
75073
75075
75076
75077
75078
75079
75080
75081
75082
75083
75084
75085
75086
75087
75088
75089
75090
75093
75094
75096
75098
75099
75102
75103
75106
75108
75109
75110
75111
75112
75114
75115
75116
75117
75122
75123
75127
75129
75130
75133
75135
75136
75138
75140
75141
75143
75144
75145
75149
75150
75153
75154
75155
75158
75159
75160
75161
75164
75166
75167
75169
75171
75173
75174
75176
75178
75179
75183
75184
75189
75190
75191
75194
75196
75197
75198
75200
75201
75204
75209
75211
75212
75214
75216
75218
75219
75221
75223
75224
75227
75229
75231
75232
75234
75238
75240
75241
75243
75245
75246
75248
75251
75252
75253
75254
75256
75258
75259
75260
75261
75263
75264
75266
75269
75270
75271
75272
75276
75278
75279
75280
75281
75285
75286
75287
75288
75289
75290
75291
75293
75295
75297
75298
75299
75300
75301
75302
75303
75305
75308
75309
75311
75312
75313
75314
75315
75319
75320
75322
75323
75324
75325
75326
75327
75328
75329
75333
75335
75336
75339
75340
75341
75343
75344
75345
75346
75347
75348
75349
75351
75354
75355
75358
75362
75363
75365
75367
75369
75372
75374
75376
75377
75378
75379
75382
75384
75386
75387
75388
75389
75392
75393
75394
75396
75398
75399
75400
75401
75403
75406
75407
75408
75409
75411
75412
75413
75414
75417
75419
75421
75422
75423
75424
75426
75427
75428
75429
75430
75431
75432
75433
75435
75436
75437
75438
75439
75440
75441
75442
75443
75446
75447
75449
75450
75451
75452
75453
75454
75455
75456
75457
75458
75460
75462
75464
75467
75469
75472
75473
75474
75475
75476
75477
75479
75480
75481
75482
75484
75485
75487
75488
75489
75490
75492
75494
75495
75496
75497
75499
75500
75504
75505
75506
75507
75508
75509
75510
75511
75512
75515
75516
75517
75518
75519
75521
75523
75527
75528
75531
75532
75535
75536
75537
75542
75545
75546
75547
75548
75550
75552
75555
75556
75557
75558
75559
75560
75561
75562
75563
75564
75565
75566
75568
75569
75571
75572
75573
75574
75576
75577
75578
75579
75580
75582
75583
75584
75585
75586
75587
75588
75589
75590
75591
75592
75594
75595
75599
75601
75602
75603
75605
75607
75609
75613
75615
75617
75618
75620
75621
75622
75623
75624
75629
75630
75632
75633
75634
75635
75636
75639
75645
75648
75649
75651
75652
75659
75660
75661
75662
75663
75664
75666
75670
75671
75673
75678
75679
75682
75683
75684
75687
75690
75691
75692
75693
75694
75695
75697
75698
75700
75701
75702
75704
75706
75708
75709
75710
75711
75712
75715
75716
75717
75718
75719
75720
75722
75725
75728
75729
75731
75732
75734
75737
75739
75740
75741
75742
75743
75744
75745
75746
75750
75752
75754
75755
75756
75757
75758
75761
75763
75764
75765
75766
75767
75771
75772
75774
75775
75777
75781
75782
75786
75787
75789
75790
75791
75792
75794
75795
75797
75799
75800
75801
75802
75805
75808
75809
75810
75812
75814
75815
75816
75818
75819
75820
75823
75824
75825
75827
75833
75835
75837
75838
75839
75842
75844
75846
75847
75848
75853
75855
75856
75859
75862
75863
75866
75867
75868
75869
75870
75872
75873
75875
75876
75878
75879
75880
75881
75884
75886
75888
75889
75890
75891
75892
75894
75895
75897
75898
75899
75900
75902
75903
75905
75906
75907
75908
75909
75911
75912
75913
75915
75916
75917
75919
75920
75921
75922
75923
75924
75926
75927
75931
75932
75933
75934
75936
75937
75939
75940
75942
75943
75944
75945
75946
75947
75948
75949
75950
75953
75954
75955
75957
75959
75960
75961
75962
75963
75964
75967
75968
75969
75970
75971
75972
75973
75976
75977
75978
75983
75984
75985
75988
75989
75990
75991
75993
75994
75996
75997
75998
75999
76002
76003
76005
76007
76009
76011
76014
76015
76016
76018
76019
76020
76028
76029
76031
76032
76034
76035
76037
76039
76041
76044
76045
76046
76047
76049
76050
76052
76054
76055
76056
76058
76061
76064
76065
76066
76068
76071
76073
76076
76077
76078
76079
76080
76081
76083
76084
76085
76087
76088
76091
76093
76094
76095
76098
76100
76101
76102
76104
76105
76106
76107
76108
76109
76110
76111
76112
76114
76115
76116
76117
76118
76119
76120
76121
76123
76124
76125
76126
76127
76128
76132
76134
76135
76137
76138
76140
76144
76146
76148
76149
76150
76151
76153
76154
76156
76158
76159
76160
76162
76163
76164
76166
76169
76170
76171
76172
76174
76176
76177
76180
76184
76187
76189
76190
76193
76194
76195
76196
76198
76199
76202
76203
76204
76205
76206
76208
76209
76210
76211
76212
76213
76215
76216
76220
76224
76225
76226
76228
76229
76231
76232
76233
76234
76235
76236
76239
76240
76242
76243
76244
76245
76247
76249
76251
76254
76257
76258
76259
76260
76261
76264
76265
76267
76272
76273
76277
76278
76279
76280
76281
76282
76283
76284
76290
76294
76295
76296
76297
76298
76302
76303
76305
76306
76307
76311
76315
76316
76318
76319
76321
76322
76324
76325
76326
76329
76330
76336
76337
76339
76340
76341
76344
76345
76346
76347
76349
76351
76353
76354
76355
76358
76360
76361
76365
76366
76368
76370
76371
76372
76374
76375
76376
76377
76378
76379
76381
76382
76384
76385
76386
76387
76388
76389
76391
76393
76396
76398
76399
76401
76402
76403
76404
76405
76406
76407
76408
76411
76412
76413
76414
76415
76417
76418
76419
76420
76422
76424
76426
76427
76430
76431
76432
76433
76436
76442
76444
76445
76448
76450
76451
76452
76454
76455
76456
76459
76460
76461
76462
76463
76464
76466
76469
76474
76475
76476
76478
76480
76484
76487
76489
76490
76492
76493
76494
76495
76496
76497
76499
76500
76501
76503
76505
76506
76507
76508
76509
76511
76514
76515
76516
76518
76520
76521
76523
76527
76530
76534
76535
76536
76537
76538
76540
76541
76542
76543
76547
76548
76549
76550
76553
76554
76555
76558
76560
76561
76562
76564
76565
76567
76569
76571
76574
76576
76578
76579
76582
76585
76586
76591
76592
76593
76595
76596
76597
76599
76600
76601
76602
76603
76604
76606
76607
76609
76611
76615
76616
76617
76619
76620
76623
76625
76626
76628
76630
76632
76633
76634
76635
76636
76637
76641
76642
76643
76645
76646
76647
76648
76650
76651
76654
76657
76658
76659
76661
76662
76663
76664
76667
76668
76674
76676
76677
76678
76683
76684
76686
76687
76688
76690
76694
76695
76698
76700
76702
76704
76705
76710
76711
76712
76713
76714
76718
76722
76724
76726
76728
76729
76730
76731
76732
76733
76735
76740
76741
76742
76743
76746
76747
76750
76753
76754
76755
76756
76757
76760
76762
76763
76764
76766
76767
76768
76769
76770
76776
76777
76778
76780
76784
76785
76786
76787
76789
76790
76791
76792
76793
76794
76795
76797
76800
76803
76807
76809
76810
76811
76812
76815
76817
76818
76819
76821
76822
76823
76824
76825
76828
76831
76832
76833
76835
76842
76843
76844
76846
76849
76853
76854
76857
76860
76861
76863
76864
76865
76866
76869
76871
76872
76873
76876
76877
76878
76880
76882
76884
76885
76886
76887
76889
76890
76891
76892
76893
76900
76902
76903
76904
76906
76910
76911
76912
76913
76914
76918
76919
76920
76922
76923
76924
76925
76926
76928
76930
76932
76934
76937
76940
76941
76942
76943
76945
76948
76949
76950
76951
76958
76962
76963
76964
76965
76966
76968
76969
76970
76971
76973
76974
76976
76978
76980
76981
76982
76984
76985
76986
76987
76988
76992
76995
76997
76998
76999
77001
77002
77003
77004
77005
77006
77007
77008
77009
77010
77011
77012
77013
77014
77015
77016
77018
77019
77021
77022
77023
77024
77025
77027
77029
77030
77032
77034
77038
77039
77040
77043
77045
77048
77049
77051
77052
77053
77054
77055
77056
77057
77059
77061
77062
77063
77065
77066
77067
77068
77069
77070
77071
77073
77075
77076
77078
77080
77081
77082
77086
77087
77089
77093
77097
77099
77100
77101
77104
77106
77107
77110
77111
77116
77117
77118
77120
77122
77123
77125
77126
77128
77129
77131
77133
77134
77135
77136
77137
77138
77140
77145
77146
77147
77150
77151
77152
77153
77154
77155
77156
77157
77159
77161
77162
77164
77166
77167
77168
77169
77170
77171
77172
77175
77177
77178
77179
77180
77181
77183
77185
77187
77192
77195
77197
77199
77200
77201
77206
77207
77209
77210
77211
77212
77213
77215
77217
77218
77220
77222
77223
77224
77227
77229
77230
77233
77234
77235
77236
77239
77240
77241
77242
77244
77245
77246
77247
77248
77250
77252
77253
77254
77259
77261
77262
77264
77265
77266
77267
77268
77269
77272
77273
77275
77278
77280
77282
77285
77287
77288
77289
77290
77291
77295
77296
77297
77299
77300
77302
77303
77304
77305
77306
77308
77309
77311
77312
77313
77314
77315
77316
77317
77318
77319
77320
77321
77322
77323
77324
77326
77327
77330
77331
77332
77333
77335
77337
77338
77339
77341
77343
77344
77346
77347
77348
77351
77354
77355
77358
77362
77363
77364
77365
77367
77369
77370
77372
77374
77375
77376
77378
77379
77380
77384
77386
77388
77389
77392
77393
77394
77395
77396
77398
77399
77401
77402
77403
77404
77406
77407
77408
77409
77410
77412
77413
77414
77415
77417
77418
77420
77421
77422
77424
77425
77428
77429
77432
77433
77435
77436
77440
77442
77443
77445
77446
77448
77449
77450
77451
77454
77455
77457
77458
77459
77460
77461
77462
77464
77466
77467
77470
77475
77476
77477
77478
77480
77481
77482
77483
77485
77488
77491
77492
77493
77494
77497
77498
77499
77501
77502
77508
77509
77510
77511
77513
77514
77516
77517
77518
77520
77521
77527
77528
77529
77532
77534
77536
77537
77542
77543
77545
77551
77552
77553
77554
77555
77557
77559
77560
77562
77563
77564
77567
77572
77573
77575
77576
77578
77580
77583
77584
77587
77591
77598
77599
77601
77603
77604
77605
77607
77609
77610
77611
77613
77614
77618
77619
77621
77623
77624
77626
77627
77629
77631
77632
77633
77636
77640
77643
77645
77646
77647
77648
77653
77655
77658
77659
77660
77662
77669
77670
77672
77673
77674
77676
77681
77683
77684
77686
77688
77690
77693
77694
77695
77696
77699
77700
77701
77703
77704
77705
77706
77708
77710
77713
77714
77715
77716
77717
77720
77721
77723
77725
77726
77729
77730
77731
77733
77735
77736
77737
77740
77741
77742
77743
77745
77746
77747
77748
77749
77750
77751
77752
77753
77754
77755
77757
77758
77759
77760
77761
77763
77765
77767
77770
77771
77772
77774
77775
77776
77777
77778
77779
77781
77783
77784
77786
77788
77789
77790
77791
77793
77795
77796
77798
77799
77800
77801
77802
77803
77804
77805
77806
77808
77809
77810
77812
77814
77817
77819
77821
77822
77825
77826
77827
77828
77834
77835
77836
77837
77838
77841
77842
77844
77846
77848
77849
77850
77851
77852
77855
77856
77857
77858
77859
77860
77861
77864
77865
77868
77870
77871
77872
77873
77874
77877
77878
77880
77881
77883
77884
77889
77891
77892
77896
77898
77899
77903
77906
77908
77910
77911
77912
77914
77916
77918
77919
77920
77922
77923
77924
77925
77927
77930
77931
77933
77934
77937
77940
77941
77943
77944
77946
77947
77948
77949
77950
77951
77953
77955
77956
77957
77960
77961
77962
77964
77966
77968
77969
77970
77972
77975
77976
77977
77981
77982
77986
77987
77988
77989
77990
77991
77994
77996
77997
77998
77999
78000
78001
78002
78003
78007
78009
78012
78013
78014
78017
78018
78019
78020
78021
78022
78023
78024
78025
78026
78028
78031
78032
78037
78038
78042
78045
78046
78047
78048
78049
78050
78051
78053
78054
78056
78061
78062
78063
78064
78065
78069
78070
78074
78076
78078
78081
78084
78085
78087
78089
78091
78094
78096
78099
78100
78104
78105
78106
78110
78113
78115
78116
78118
78119
78120
78121
78123
78124
78126
78128
78129
78130
78132
78133
78134
78137
78138
78139
78141
78144
78145
78146
78147
78149
78150
78151
78153
78155
78158
78159
78160
78161
78162
78164
78165
78166
78167
78168
78169
78170
78173
78174
78175
78176
78178
78180
78181
78183
78184
78186
78187
78190
78191
78193
78196
78197
78198
78199
78200
78201
78207
78208
78209
78211
78212
78214
78215
78216
78219
78221
78223
78225
78226
78227
78228
78229
78230
78232
78233
78235
78237
78238
78239
78240
78241
78242
78244
78245
78247
78248
78250
78251
78252
78253
78254
78255
78256
78257
78258
78261
78262
78263
78264
78265
78270
78271
78272
78275
78276
78277
78278
78280
78284
78285
78286
78290
78291
78294
78295
78296
78298
78300
78301
78302
78305
78306
78309
78310
78311
78313
78315
78316
78318
78320
78324
78325
78327
78328
78330
78331
78332
78333
78335
78337
78339
78340
78342
78343
78345
78347
78348
78350
78352
78353
78354
78355
78361
78362
78363
78364
78365
78367
78368
78371
78372
78373
78375
78376
78377
78380
78382
78383
78384
78385
78387
78389
78390
78391
78393
78394
78395
78396
78397
78399
78400
78401
78402
78403
78404
78405
78406
78411
78412
78413
78414
78415
78416
78418
78419
78420
78422
78423
78424
78425
78428
78429
78430
78433
78434
78435
78438
78440
78441
78443
78444
78445
78447
78448
78449
78450
78451
78452
78453
78455
78458
78459
78460
78463
78469
78474
78475
78478
78479
78480
78481
78482
78484
78490
78491
78493
78494
78495
78496
78498
78499
78500
78502
78503
78505
78506
78507
78509
78510
78511
78512
78513
78516
78517
78518
78520
78521
78522
78524
78525
78527
78530
78531
78533
78535
78536
78537
78539
78540
78543
78544
78547
78549
78550
78553
78554
78555
78558
78559
78560
78562
78565
78566
78567
78569
78570
78571
78572
78573
78575
78577
78578
78579
78581
78582
78585
78588
78590
78592
78594
78595
78596
78597
78599
78601
78602
78603
78604
78607
78608
78609
78610
78613
78614
78615
78616
78619
78623
78625
78626
78628
78629
78633
78636
78639
78640
78643
78644
78645
78647
78649
78651
78653
78655
78656
78657
78659
78662
78663
78664
78665
78669
78671
78673
78674
78676
78677
78679
78680
78681
78682
78683
78684
78686
78687
78688
78690
78691
78693
78695
78696
78697
78699
78703
78704
78705
78706
78707
78709
78710
78711
78712
78713
78716
78717
78719
78721
78722
78724
78726
78727
78729
78730
78731
78732
78733
78734
78735
78736
78738
78739
78740
78741
78742
78743
78745
78747
78748
78749
78752
78753
78754
78755
78756
78757
78760
78761
78763
78764
78765
78766
78767
78770
78771
78772
78773
78775
78776
78777
78778
78779
78781
78782
78784
78785
78786
78787
78788
78789
78790
78792
78793
78794
78795
78796
78797
78800
78802
78803
78805
78807
78808
78811
78812
78818
78819
78820
78821
78824
78825
78826
78827
78830
78835
78836
78837
78838
78839
78840
78841
78842
78843
78844
78845
78846
78847
78848
78849
78853
78854
78856
78858
78859
78860
78861
78863
78864
78866
78867
78868
78870
78871
78872
78875
78877
78879
78880
78883
78885
78888
78893
78897
78899
78900
78901
78902
78904
78905
78908
78910
78911
78912
78914
78915
78918
78919
78922
78923
78925
78926
78927
78929
78930
78931
78932
78933
78934
78935
78937
78940
78941
78942
78943
78944
78945
78947
78950
78951
78953
78956
78958
78959
78960
78961
78966
78967
78968
78971
78972
78973
78974
78976
78977
78978
78980
78981
78982
78983
78984
78985
78987
78988
78989
78991
78995
78996
78997
78998
79000
79001
79002
79003
79005
79008
79009
79011
79013
79014
79016
79017
79019
79020
79021
79022
79026
79027
79028
79029
79030
79031
79034
79038
79040
79045
79046
79047
79048
79049
79054
79056
79057
79058
79060
79061
79062
79063
79064
79066
79067
79069
79070
79071
79072
79073
79074
79075
79077
79080
79081
79086
79087
79088
79089
79090
79093
79095
79096
79097
79098
79100
79101
79102
79103
79104
79105
79106
79108
79109
79111
79112
79114
79117
79122
79123
79124
79125
79127
79128
79132
79134
79137
79138
79139
79141
79142
79143
79145
79149
79152
79153
79154
79155
79156
79160
79161
79162
79163
79164
79165
79166
79167
79168
79169
79170
79174
79177
79178
79180
79181
79182
79183
79185
79186
79187
79188
79193
79194
79197
79198
79199
79200
79201
79202
79203
79205
79206
79207
79208
79209
79210
79211
79212
79214
79215
79216
79217
79220
79222
79223
79224
79225
79227
79228
79229
79231
79233
79235
79238
79241
79242
79243
79245
79246
79249
79250
79251
79252
79253
79254
79255
79256
79257
79258
79262
79264
79265
79266
79272
79274
79275
79277
79278
79280
79281
79283
79284
79285
79286
79287
79288
79290
79292
79295
79296
79297
79299
79300
79301
79305
79306
79309
79310
79314
79315
79316
79318
79319
79321
79323
79324
79328
79329
79330
79332
79333
79334
79336
79338
79340
79342
79343
79344
79346
79348
79349
79352
79353
79354
79356
79357
79358
79359
79360
79361
79362
79364
79365
79366
79367
79368
79373
79376
79377
79378
79380
79382
79383
79386
79387
79388
79390
79392
79395
79396
79397
79398
79399
79400
79401
79402
79403
79405
79406
79407
79409
79410
79411
79413
79414
79415
79419
79421
79423
79425
79426
79427
79428
79429
79430
79431
79432
79433
79435
79437
79438
79439
79441
79442
79444
79445
79446
79447
79448
79449
79450
79451
79453
79454
79456
79458
79459
79460
79462
79463
79464
79465
79466
79467
79469
79470
79471
79472
79474
79475
79477
79478
79480
79481
79482
79483
79484
79485
79486
79487
79488
79491
79492
79495
79497
79498
79501
79502
79503
79504
79505
79506
79507
79508
79513
79516
79517
79518
79519
79522
79525
79526
79527
79528
79529
79530
79532
79533
79534
79535
79537
79538
79539
79540
79541
79542
79543
79544
79546
79547
79548
79549
79551
79554
79555
79558
79559
79560
79561
79566
79567
79569
79571
79573
79577
79578
79579
79580
79582
79583
79585
79586
79589
79590
79591
79593
79594
79598
79599
79600
79602
79603
79604
79605
79606
79610
79612
79614
79615
79616
79619
79620
79622
79623
79626
79627
79628
79631
79632
79634
79635
79636
79637
79640
79641
79642
79643
79645
79646
79647
79648
79650
79651
79653
79655
79656
79657
79658
79659
79660
79661
79662
79665
79667
79668
79671
79672
79673
79676
79677
79678
79679
79680
79681
79683
79685
79688
79690
79693
79695
79697
79699
79701
79705
79706
79707
79708
79710
79711
79712
79714
79716
79717
79719
79720
79722
79723
79724
79725
79726
79727
79730
79731
79735
79737
79738
79739
79740
79741
79744
79745
79746
79750
79752
79753
79754
79756
79757
79759
79761
79763
79765
79768
79769
79770
79772
79773
79774
79775
79778
79780
79781
79783
79784
79785
79787
79789
79790
79791
79803
79804
79808
79809
79811
79812
79813
79816
79818
79822
79823
79824
79827
79828
79829
79830
79832
79833
79834
79835
79836
79838
79840
79841
79842
79843
79845
79846
79847
79849
79851
79852
79853
79856
79858
79862
79865
79866
79867
79869
79870
79872
79873
79874
79876
79878
79879
79881
79882
79883
79884
79886
79887
79890
79891
79892
79894
79898
79900
79901
79902
79903
79904
79906
79907
79910
79911
79912
79913
79917
79918
79919
79920
79922
79924
79925
79927
79931
79932
79934
79936
79938
79940
79943
79944
79945
79946
79947
79948
79949
79950
79951
79952
79953
79954
79955
79956
79957
79958
79959
79964
79966
79968
79970
79971
79974
79975
79976
79978
79979
79981
79984
79988
79991
79992
79995
79997
79999
80001
80003
80004
80005
80007
80010
80011
80013
80014
80015
80016
80021
80022
80025
80026
80027
80029
80030
80031
80032
80034
80036
80037
80038
80039
80040
80044
80048
80049
80050
80051
80052
80053
80054
80055
80058
80061
80062
80064
80065
80066
80068
80069
80070
80072
80073
80075
80077
80081
80083
80085
80086
80087
80096
80097
80098
80099
80101
80102
80103
80104
80105
80106
80107
80108
80110
80111
80112
80113
80114
80115
80116
80117
80119
80120
80121
80123
80125
80126
80127
80128
80129
80131
80134
80135
80136
80139
80140
80142
80144
80145
80147
80148
80149
80151
80153
80154
80155
80156
80158
80159
80161
80162
80165
80166
80171
80173
80178
80179
80180
80182
80183
80184
80188
80189
80191
80194
80196
80202
80203
80204
80205
80206
80208
80210
80211
80213
80214
80217
80220
80224
80226
80227
80228
80229
80231
80232
80236
80238
80241
80242
80243
80246
80247
80249
80250
80251
80252
80254
80257
80260
80261
80263
80264
80265
80266
80269
80271
80272
80273
80274
80275
80276
80277
80278
80279
80280
80281
80283
80286
80287
80288
80292
80293
80294
80295
80298
80301
80305
80307
80308
80310
80313
80315
80318
80321
80322
80323
80327
80328
80330
80331
80333
80335
80336
80337
80338
80339
80340
80341
80342
80343
80345
80346
80347
80349
80351
80352
80353
80354
80356
80358
80360
80361
80363
80364
80368
80372
80373
80374
80377
80378
80380
80385
80386
80387
80388
80391
80392
80395
80397
80399
80400
80403
80404
80405
80406
80407
80412
80415
80416
80417
80420
80421
80422
80423
80424
80426
80428
80429
80432
80433
80435
80438
80439
80441
80442
80443
80444
80445
80446
80451
80452
80453
80456
80457
80458
80459
80462
80465
80466
80468
80469
80470
80471
80472
80473
80474
80475
80476
80477
80478
80479
80480
80481
80483
80485
80486
80487
80488
80489
80490
80492
80493
80494
80496
80497
80499
80500
80501
80502
80503
80504
80505
80506
80507
80512
80513
80514
80516
80520
80521
80524
80525
80526
80529
80530
80534
80536
80537
80538
80541
80542
80543
80545
80547
80550
80554
80555
80556
80559
80560
80561
80562
80563
80564
80565
80566
80569
80570
80572
80573
80575
80580
80581
80582
80583
80584
80585
80587
80590
80591
80592
80593
80594
80595
80596
80598
80599
80602
80605
80606
80607
80609
80611
80612
80613
80614
80615
80616
80617
80619
80624
80626
80627
80628
80629
80630
80631
80633
80637
80639
80640
80641
80645
80646
80647
80648
80649
80653
80655
80656
80657
80659
80660
80661
80662
80663
80664
80665
80670
80673
80674
80675
80677
80678
80679
80683
80684
80685
80686
80688
80689
80691
80693
80697
80699
80702
80704
80706
80709
80710
80712
80715
80716
80717
80718
80719
80721
80723
80725
80728
80731
80732
80733
80735
80737
80739
80740
80742
80743
80744
80745
80746
80747
80748
80753
80755
80756
80757
80760
80761
80764
80765
80767
80769
80771
80772
80773
80774
80775
80778
80780
80781
80783
80785
80786
80790
80792
80794
80797
80798
80799
80800
80801
80802
80803
80804
80805
80806
80809
80810
80811
80812
80813
80814
80816
80819
80821
80822
80823
80824
80826
80829
80832
80833
80837
80838
80839
80844
80845
80847
80850
80851
80852
80853
80854
80855
80857
80858
80859
80861
80863
80866
80867
80868
80869
80871
80872
80873
80874
80876
80878
80879
80880
80881
80882
80883
80885
80886
80889
80890
80892
80893
80896
80898
80899
80900
80901
80903
80904
80905
80908
80911
80912
80915
80916
80918
80919
80920
80921
80922
80923
80925
80927
80929
80930
80932
80933
80934
80936
80937
80939
80942
80944
80947
80950
80954
80955
80956
80957
80959
80961
80962
80963
80965
80966
80967
80968
80970
80972
80977
80978
80979
80980
80981
80982
80983
80984
80986
80987
80988
80989
80990
80995
80996
80999
81004
81005
81007
81008
81009
81010
81011
81012
81013
81016
81019
81020
81021
81022
81023
81024
81025
81026
81027
81028
81029
81033
81035
81037
81038
81039
81041
81042
81043
81044
81047
81050
81054
81056
81057
81060
81061
81062
81063
81065
81066
81067
81068
81069
81070
81071
81072
81073
81074
81075
81076
81078
81079
81080
81083
81084
81087
81088
81090
81092
81095
81096
81097
81099
81100
81101
81102
81103
81104
81105
81108
81112
81113
81114
81116
81117
81118
81119
81121
81122
81123
81124
81127
81128
81133
81134
81135
81136
81137
81138
81139
81140
81142
81145
81146
81147
81148
81149
81150
81151
81154
81155
81158
81160
81161
81162
81164
81165
81166
81167
81169
81171
81172
81173
81174
81175
81176
81179
81183
81184
81185
81186
81188
81192
81193
81194
81195
81196
81198
81199
81202
81203
81205
81206
81209
81210
81211
81212
81213
81214
81217
81221
81222
81223
81224
81227
81228
81229
81231
81232
81233
81235
81236
81239
81240
81241
81242
81244
81245
81246
81247
81248
81249
81250
81251
81252
81253
81255
81256
81257
81259
81260
81261
81262
81263
81264
81265
81267
81269
81270
81271
81272
81273
81274
81275
81281
81283
81285
81286
81287
81288
81289
81290
81291
81293
81294
81296
81297
81299
81300
81301
81303
81305
81306
81307
81310
81312
81316
81317
81318
81320
81321
81323
81324
81326
81328
81331
81332
81333
81334
81338
81339
81340
81341
81342
81345
81348
81349
81350
81352
81353
81354
81357
81359
81361
81364
81365
81367
81369
81370
81371
81373
81374
81375
81376
81377
81379
81380
81381
81383
81385
81387
81391
81392
81393
81395
81399
81402
81403
81404
81405
81406
81407
81408
81409
81410
81412
81413
81415
81416
81417
81418
81421
81422
81423
81425
81426
81427
81429
81432
81433
81436
81438
81439
81442
81448
81449
81451
81452
81453
81455
81456
81458
81459
81462
81463
81464
81465
81466
81469
81470
81473
81474
81475
81476
81479
81480
81482
81483
81486
81488
81490
81491
81493
81495
81496
81498
81499
81500
81501
81504
81505
81506
81507
81508
81510
81513
81516
81517
81519
81521
81522
81523
81525
81526
81528
81529
81533
81534
81538
81540
81541
81543
81545
81547
81549
81551
81552
81553
81554
81555
81556
81558
81560
81561
81564
81565
81569
81571
81572
81573
81574
81576
81578
81579
81580
81582
81583
81586
81588
81589
81596
81597
81598
81599
81600
81604
81605
81606
81607
81608
81609
81610
81613
81614
81616
81617
81619
81621
81622
81623
81624
81625
81626
81629
81630
81632
81634
81636
81639
81642
81647
81648
81649
81650
81651
81652
81653
81654
81655
81656
81657
81658
81659
81660
81661
81662
81663
81664
81665
81666
81667
81669
81672
81674
81676
81678
81679
81683
81685
81689
81690
81693
81696
81697
81699
81702
81703
81705
81706
81707
81711
81712
81713
81716
81718
81719
81720
81721
81725
81726
81727
81729
81730
81736
81737
81738
81739
81740
81743
81744
81746
81747
81748
81749
81750
81751
81752
81754
81755
81756
81758
81760
81761
81764
81765
81766
81767
81768
81769
81770
81771
81772
81773
81774
81775
81776
81778
81779
81782
81783
81784
81785
81789
81792
81793
81794
81796
81798
81804
81805
81808
81810
81811
81814
81816
81818
81820
81822
81825
81826
81827
81828
81829
81830
81831
81833
81834
81835
81836
81837
81838
81839
81840
81841
81844
81845
81848
81849
81850
81851
81854
81855
81856
81857
81860
81862
81863
81864
81865
81866
81867
81868
81870
81871
81873
81874
81875
81876
81877
81879
81880
81881
81882
81883
81884
81886
81888
81891
81894
81895
81896
81897
81898
81901
81902
81906
81908
81909
81911
81912
81914
81921
81925
81926
81929
81930
81932
81934
81936
81939
81940
81941
81943
81944
81945
81947
81948
81949
81952
81953
81954
81955
81958
81959
81960
81961
81962
81963
81964
81966
81969
81970
81973
81974
81975
81982
81983
81984
81988
81989
81990
81991
81992
81993
81994
81996
82000
82001
82003
82004
82005
82006
82008
82009
82010
82012
82015
82019
82020
82024
82025
82026
82031
82032
82033
82037
82038
82039
82040
82041
82044
82045
82047
82048
82049
82051
82052
82053
82055
82056
82058
82060
82063
82064
82065
82067
82069
82070
82071
82074
82075
82079
82081
82083
82086
82088
82089
82091
82092
82093
82095
82097
82101
82103
82104
82107
82108
82109
82110
82114
82116
82120
82125
82126
82127
82129
82130
82131
82133
82134
82137
82138
82139
82140
82142
82143
82145
82146
82148
82150
82151
82155
82159
82160
82161
82162
82165
82166
82167
82169
82173
82174
82175
82176
82179
82182
82186
82188
82189
82192
82193
82194
82196
82199
82203
82204
82205
82206
82208
82210
82212
82214
82215
82217
82218
82222
82226
82227
82229
82230
82231
82232
82233
82236
82237
82238
82239
82243
82246
82247
82252
82253
82254
82255
82256
82257
82258
82261
82263
82264
82265
82266
82267
82269
82271
82273
82275
82278
82280
82281
82285
82286
82291
82295
82296
82298
82299
82300
82302
82306
82307
82308
82309
82314
82315
82316
82319
82320
82323
82324
82325
82331
82334
82336
82337
82339
82340
82344
82345
82346
82347
82348
82349
82350
82352
82353
82354
82360
82362
82363
82366
82369
82371
82372
82373
82376
82377
82378
82380
82381
82385
82386
82387
82389
82390
82392
82393
82395
82396
82397
82399
82401
82403
82404
82406
82409
82410
82414
82417
82419
82420
82422
82426
82428
82429
82430
82431
82433
82436
82439
82441
82444
82446
82448
82450
82451
82453
82455
82456
82458
82459
82461
82463
82464
82465
82466
82467
82468
82469
82471
82472
82473
82475
82476
82478
82479
82480
82482
82483
82486
82487
82489
82492
82493
82494
82496
82497
82499
82500
82502
82504
82508
82509
82511
82512
82513
82514
82515
82518
82520
82521
82522
82523
82525
82526
82527
82528
82530
82531
82533
82534
82535
82537
82538
82539
82541
82542
82546
82547
82549
82550
82552
82553
82554
82555
82557
82558
82560
82561
82564
82565
82569
82570
82572
82573
82574
82575
82576
82580
82581
82582
82583
82586
82588
82589
82590
82591
82592
82594
82595
82601
82602
82605
82606
82607
82609
82611
82612
82613
82614
82616
82617
82619
82621
82623
82624
82626
82627
82630
82631
82632
82633
82634
82636
82639
82640
82641
82642
82644
82647
82648
82649
82652
82655
82656
82657
82658
82661
82662
82663
82664
82665
82667
82668
82669
82671
82672
82674
82675
82678
82680
82681
82683
82685
82688
82689
82690
82691
82692
82694
82695
82697
82698
82699
82700
82701
82702
82704
82707
82708
82710
82714
82715
82716
82719
82721
82724
82725
82726
82728
82729
82730
82731
82733
82734
82736
82737
82739
82743
82744
82745
82748
82750
82751
82753
82754
82757
82760
82761
82762
82763
82764
82765
82769
82771
82774
82775
82780
82782
82783
82784
82785
82787
82791
82793
82794
82795
82796
82799
82800
82801
82802
82803
82804
82808
82809
82810
82813
82814
82815
82816
82817
82818
82820
82821
82822
82824
82827
82828
82829
82832
82834
82835
82836
82837
82838
82839
82840
82844
82845
82846
82847
82849
82850
82851
82852
82853
82854
82855
82856
82857
82858
82859
82864
82865
82866
82868
82871
82873
82874
82875
82876
82879
82884
82885
82887
82888
82890
82892
82893
82898
82899
82900
82901
82902
82903
82905
82906
82909
82910
82911
82912
82913
82914
82917
82918
82922
82924
82925
82928
82929
82930
82931
82932
82933
82934
82935
82936
82937
82939
82941
82942
82947
82948
82950
82951
82952
82953
82954
82955
82956
82962
82964
82965
82966
82969
82970
82974
82975
82976
82977
82978
82979
82980
82982
82983
82985
82988
82989
82990
82992
82993
82995
82996
82997
82998
82999
83003
83004
83007
83009
83010
83012
83014
83017
83018
83022
83025
83026
83027
83029
83030
83031
83032
83033
83034
83035
83036
83038
83039
83040
83041
83042
83043
83044
83046
83048
83049
83050
83051
83052
83054
83055
83056
83057
83059
83060
83061
83065
83069
83071
83075
83076
83077
83078
83080
83081
83083
83085
83086
83090
83092
83096
83099
83100
83101
83102
83103
83104
83107
83109
83110
83111
83114
83115
83117
83118
83119
83120
83122
83125
83126
83127
83128
83129
83130
83132
83133
83135
83136
83137
83138
83139
83142
83143
83144
83145
83147
83148
83151
83153
83154
83156
83157
83158
83159
83160
83162
83164
83167
83170
83173
83176
83177
83178
83179
83181
83183
83184
83185
83186
83187
83188
83189
83190
83191
83192
83194
83195
83196
83198
83199
83200
83203
83205
83206
83208
83209
83210
83211
83212
83213
83214
83215
83216
83217
83218
83222
83224
83226
83227
83228
83229
83232
83233
83235
83236
83239
83240
83241
83245
83247
83248
83249
83250
83251
83252
83253
83254
83255
83256
83257
83258
83259
83260
83262
83263
83266
83271
83272
83273
83276
83277
83278
83279
83281
83282
83283
83284
83285
83286
83288
83290
83291
83292
83293
83295
83296
83299
83304
83305
83308
83309
83310
83311
83312
83315
83316
83317
83318
83320
83321
83323
83324
83326
83327
83328
83329
83332
83337
83338
83339
83340
83341
83344
83346
83347
83349
83354
83358
83359
83361
83363
83366
83367
83369
83370
83371
83372
83373
83376
83377
83378
83379
83380
83382
83383
83384
83385
83386
83390
83392
83394
83395
83398
83399
83400
83404
83407
83411
83412
83413
83414
83417
83419
83422
83423
83425
83427
83428
83429
83432
83433
83434
83435
83436
83438
83442
83443
83448
83449
83452
83453
83454
83455
83458
83459
83460
83461
83463
83464
83465
83471
83472
83473
83474
83475
83476
83477
83479
83480
83481
83483
83487
83488
83489
83491
83492
83494
83495
83496
83498
83500
83501
83503
83505
83506
83508
83509
83510
83518
83519
83521
83522
83523
83524
83525
83526
83527
83528
83529
83536
83537
83538
83540
83541
83542
83543
83544
83547
83549
83550
83551
83553
83555
83556
83557
83558
83559
83560
83561
83563
83564
83567
83568
83569
83572
83574
83577
83578
83580
83581
83582
83584
83585
83587
83588
83589
83591
83593
83595
83597
83600
83601
83602
83603
83604
83605
83607
83608
83610
83611
83612
83613
83614
83616
83619
83620
83622
83623
83624
83627
83629
83630
83634
83637
83638
83639
83641
83643
83645
83646
83647
83648
83649
83650
83651
83652
83653
83654
83655
83656
83657
83658
83659
83663
83664
83666
83667
83672
83673
83675
83677
83678
83679
83681
83685
83689
83690
83691
83692
83694
83696
83697
83698
83700
83701
83702
83703
83704
83705
83706
83707
83709
83710
83712
83713
83715
83716
83718
83720
83723
83724
83727
83728
83729
83730
83734
83736
83738
83739
83740
83741
83742
83743
83745
83746
83747
83750
83752
83754
83756
83757
83759
83764
83765
83766
83770
83773
83774
83775
83776
83777
83778
83784
83791
83792
83793
83795
83799
83801
83802
83803
83804
83805
83806
83809
83810
83812
83814
83815
83816
83819
83820
83822
83823
83826
83827
83829
83830
83833
83834
83835
83836
83837
83839
83841
83843
83844
83846
83848
83849
83850
83851
83853
83854
83855
83856
83857
83858
83859
83860
83861
83864
83865
83866
83868
83869
83871
83872
83875
83876
83878
83879
83880
83882
83884
83885
83886
83891
83892
83894
83895
83896
83898
83899
83900
83901
83902
83903
83904
83905
83907
83908
83910
83913
83914
83915
83916
83918
83920
83921
83924
83925
83926
83927
83929
83931
83932
83933
83935
83936
83937
83939
83940
83941
83942
83943
83944
83945
83947
83949
83950
83951
83953
83954
83955
83956
83959
83960
83962
83963
83966
83970
83971
83972
83974
83975
83976
83977
83978
83980
83983
83985
83986
83987
83993
83994
83995
83997
83999
84001
84004
84005
84006
84007
84008
84010
84012
84013
84014
84015
84019
84020
84022
84024
84026
84027
84029
84030
84032
84033
84034
84036
84038
84039
84040
84041
84042
84044
84045
84046
84047
84049
84051
84053
84054
84055
84056
84057
84059
84060
84061
84063
84064
84065
84066
84067
84069
84071
84072
84073
84075
84076
84078
84079
84084
84085
84086
84087
84091
84092
84093
84094
84095
84097
84099
84100
84101
84102
84103
84104
84108
84109
84110
84112
84113
84114
84115
84117
84118
84121
84125
84126
84127
84130
84133
84134
84135
84136
84138
84139
84144
84148
84149
84150
84152
84154
84155
84156
84157
84159
84160
84161
84163
84165
84167
84168
84169
84170
84175
84177
84180
84182
84185
84186
84187
84188
84189
84190
84192
84194
84196
84199
84201
84203
84205
84206
84207
84209
84210
84211
84212
84213
84215
84217
84218
84219
84221
84222
84223
84228
84229
84230
84231
84234
84237
84238
84239
84240
84242
84243
84245
84247
84248
84249
84251
84253
84255
84256
84257
84260
84261
84263
84264
84265
84266
84267
84268
84270
84271
84272
84274
84275
84277
84278
84279
84280
84281
84282
84285
84288
84290
84291
84292
84293
84294
84296
84297
84299
84300
84301
84302
84303
84304
84308
84309
84310
84311
84312
84313
84314
84317
84318
84319
84321
84324
84325
84326
84328
84329
84330
84333
84334
84335
84336
84337
84338
84339
84341
84342
84343
84347
84348
84349
84353
84358
84359
84361
84362
84364
84365
84366
84367
84369
84370
84373
84374
84376
84378
84380
84381
84384
84385
84386
84388
84389
84391
84393
84394
84396
84399
84400
84404
84406
84407
84408
84409
84410
84412
84414
84415
84417
84418
84421
84423
84424
84425
84426
84427
84429
84430
84431
84434
84435
84438
84439
84441
84442
84447
84449
84450
84452
84453
84456
84457
84458
84459
84460
84462
84466
84470
84471
84474
84475
84477
84480
84481
84482
84484
84486
84491
84493
84494
84495
84499
84500
84501
84504
84508
84512
84513
84517
84518
84519
84521
84523
84525
84528
84529
84531
84532
84536
84537
84539
84541
84542
84548
84550
84551
84553
84554
84555
84556
84557
84558
84559
84560
84561
84562
84563
84566
84567
84568
84569
84571
84576
84577
84578
84579
84583
84585
84586
84587
84589
84590
84591
84593
84594
84595
84596
84599
84600
84603
84604
84605
84606
84607
84609
84611
84612
84613
84614
84616
84617
84619
84620
84622
84623
84624
84625
84627
84628
84630
84631
84632
84633
84634
84635
84636
84638
84639
84641
84642
84643
84645
84646
84647
84648
84649
84650
84651
84653
84654
84655
84656
84657
84658
84659
84661
84662
84664
84665
84668
84671
84673
84674
84675
84676
84677
84678
84679
84680
84683
84685
84686
84687
84689
84690
84692
84693
84694
84695
84697
84699
84703
84704
84705
84707
84709
84710
84711
84714
84717
84718
84720
84723
84724
84725
84726
84727
84729
84732
84737
84738
84740
84741
84744
84746
84747
84749
84750
84752
84754
84755
84756
84758
84759
84760
84761
84762
84764
84765
84766
84768
84771
84774
84777
84779
84780
84783
84784
84791
84792
84793
84794
84807
84808
84813
84814
84815
84817
84819
84822
84823
84825
84826
84827
84828
84829
84830
84832
84833
84835
84836
84838
84840
84842
84843
84844
84845
84847
84848
84849
84850
84851
84853
84854
84855
84857
84858
84859
84860
84863
84864
84865
84867
84868
84869
84870
84871
84872
84879
84881
84882
84883
84885
84890
84892
84894
84895
84896
84897
84900
84903
84906
84907
84909
84911
84914
84916
84917
84921
84922
84927
84930
84931
84932
84933
84934
84935
84937
84939
84940
84942
84943
84944
84945
84948
84949
84951
84954
84955
84957
84960
84961
84964
84965
84966
84967
84968
84969
84972
84974
84975
84976
84978
84980
84981
84982
84983
84985
84986
84987
84988
84989
84990
84992
84994
84995
84996
84997
84998
85000
85001
85002
85004
85007
85008
85009
85012
85013
85014
85015
85016
85017
85018
85019
85020
85021
85023
85025
85026
85027
85031
85032
85033
85034
85036
85039
85040
85041
85042
85043
85044
85045
85046
85047
85049
85050
85051
85052
85056
85061
85063
85065
85066
85069
85070
85071
85072
85073
85074
85075
85076
85077
85078
85079
85082
85083
85085
85087
85090
85091
85092
85094
85095
85096
85098
85100
85101
85103
85105
85108
85109
85110
85111
85112
85114
85115
85117
85118
85119
85120
85123
85124
85128
85130
85133
85134
85136
85140
85144
85145
85147
85151
85152
85156
85161
85162
85165
85166
85167
85171
85173
85174
85175
85176
85177
85178
85179
85181
85182
85183
85184
85185
85187
85188
85190
85191
85192
85193
85198
85199
85201
85203
85206
85207
85208
85211
85213
85214
85215
85216
85217
85218
85219
85220
85221
85222
85223
85225
85226
85227
85228
85229
85230
85231
85232
85233
85234
85235
85236
85237
85238
85239
85240
85241
85243
85244
85245
85246
85247
85251
85252
85253
85256
85257
85259
85260
85261
85262
85265
85266
85267
85268
85271
85273
85274
85277
85279
85282
85287
85289
85292
85293
85294
85295
85298
85299
85300
85301
85302
85303
85304
85306
85307
85309
85310
85311
85312
85313
85317
85319
85320
85322
85323
85324
85325
85326
85327
85332
85338
85339
85340
85341
85343
85345
85346
85347
85348
85349
85353
85356
85357
85360
85362
85363
85365
85366
85367
85369
85370
85371
85372
85374
85375
85377
85378
85380
85382
85383
85385
85386
85388
85389
85390
85392
85395
85396
85397
85398
85406
85407
85408
85411
85412
85414
85415
85416
85418
85419
85421
85422
85424
85426
85427
85429
85430
85433
85437
85438
85439
85441
85442
85443
85444
85446
85448
85450
85452
85453
85458
85461
85462
85464
85465
85467
85468
85469
85471
85472
85473
85475
85477
85478
85479
85480
85481
85485
85486
85490
85491
85492
85493
85496
85497
85498
85500
85502
85504
85505
85508
85509
85510
85511
85512
85513
85515
85517
85518
85519
85521
85525
85526
85527
85529
85530
85531
85533
85534
85535
85536
85538
85542
85543
85545
85547
85548
85549
85551
85553
85555
85559
85560
85561
85562
85563
85565
85569
85571
85575
85577
85580
85581
85582
85584
85586
85587
85589
85591
85593
85595
85596
85598
85599
85602
85603
85604
85605
85606
85608
85609
85610
85611
85612
85615
85618
85619
85621
85623
85625
85627
85628
85629
85630
85631
85634
85635
85636
85638
85640
85642
85643
85644
85645
85648
85651
85654
85656
85657
85663
85665
85667
85669
85671
85674
85676
85677
85679
85680
85681
85682
85684
85686
85687
85688
85689
85690
85691
85692
85694
85695
85696
85697
85698
85700
85701
85702
85704
85706
85707
85710
85712
85713
85714
85717
85718
85720
85721
85722
85723
85726
85730
85731
85733
85734
85737
85738
85742
85744
85746
85747
85749
85750
85751
85752
85754
85756
85759
85760
85761
85762
85763
85765
85767
85768
85770
85772
85773
85774
85775
85776
85778
85780
85781
85782
85784
85785
85788
85792
85794
85795
85796
85797
85801
85803
85804
85805
85808
85811
85819
85823
85825
85826
85827
85830
85835
85837
85840
85841
85842
85844
85845
85846
85848
85849
85851
85852
85854
85855
85856
85857
85859
85861
85865
85866
85868
85869
85872
85875
85876
85879
85880
85881
85882
85883
85885
85886
85887
85890
85892
85893
85895
85900
85902
85903
85904
85905
85906
85908
85909
85911
85912
85913
85914
85915
85917
85918
85919
85920
85923
85925
85927
85928
85929
85930
85933
85937
85942
85943
85944
85946
85949
85950
85951
85952
85953
85954
85958
85961
85963
85965
85966
85968
85970
85971
85972
85973
85975
85976
85979
85980
85981
85982
85985
85987
85988
85989
85990
85992
85993
85994
85995
85996
85997
85998
85999
86000
86002
86003
86004
86005
86009
86011
86012
86013
86016
86020
86021
86022
86023
86025
86026
86027
86029
86030
86031
86032
86033
86035
86037
86038
86040
86043
86044
86046
86047
86048
86050
86051
86056
86057
86059
86060
86061
86062
86063
86065
86066
86069
86070
86072
86074
86078
86079
86080
86082
86084
86086
86089
86091
86092
86095
86097
86098
86099
86100
86101
86103
86107
86108
86109
86110
86112
86113
86114
86115
86117
86118
86119
86121
86123
86125
86126
86128
86132
86133
86134
86137
86139
86140
86143
86144
86149
86152
86154
86155
86156
86157
86159
86161
86163
86164
86165
86168
86169
86170
86171
86172
86173
86174
86175
86176
86179
86181
86186
86187
86188
86189
86191
86193
86194
86195
86196
86197
86199
86200
86201
86203
86204
86206
86209
86211
86215
86216
86217
86223
86224
86225
86226
86228
86231
86234
86235
86236
86237
86239
86240
86242
86244
86246
86247
86250
86251
86256
86259
86262
86264
86265
86266
86268
86269
86273
86274
86275
86276
86280
86281
86282
86284
86287
86291
86292
86293
86295
86298
86300
86301
86302
86303
86306
86308
86309
86310
86312
86313
86317
86319
86320
86322
86323
86326
86328
86329
86330
86331
86332
86334
86338
86340
86343
86344
86346
86347
86348
86349
86350
86351
86352
86355
86356
86358
86359
86360
86362
86363
86364
86366
86368
86369
86370
86373
86374
86375
86376
86378
86379
86381
86382
86383
86386
86388
86390
86391
86392
86396
86397
86398
86401
86402
86404
86405
86406
86407
86410
86412
86413
86414
86418
86419
86420
86421
86422
86423
86424
86426
86427
86428
86430
86433
86434
86435
86438
86440
86441
86442
86443
86446
86447
86448
86449
86454
86457
86458
86459
86460
86461
86463
86464
86465
86466
86470
86471
86476
86477
86478
86479
86480
86481
86484
86487
86489
86491
86495
86496
86497
86498
86499
86500
86501
86506
86511
86512
86513
86514
86517
86520
86524
86525
86526
86527
86528
86529
86533
86535
86537
86538
86539
86541
86543
86545
86546
86547
86548
86549
86550
86551
86552
86553
86555
86556
86557
86558
86559
86561
86563
86564
86565
86567
86569
86573
86574
86575
86576
86577
86578
86580
86581
86582
86583
86584
86590
86591
86592
86594
86595
86597
86602
86604
86605
86607
86608
86610
86612
86614
86616
86617
86618
86620
86622
86623
86624
86625
86626
86628
86631
86632
86633
86635
86636
86638
86640
86641
86642
86645
86647
86648
86649
86650
86652
86654
86655
86660
86661
86662
86663
86664
86665
86667
86668
86669
86670
86671
86672
86673
86678
86679
86683
86687
86690
86691
86692
86694
86695
86697
86700
86701
86702
86703
86705
86707
86709
86711
86712
86713
86714
86719
86720
86721
86722
86723
86725
86726
86729
86731
86732
86735
86736
86737
86738
86739
86740
86741
86743
86744
86746
86747
86748
86749
86750
86752
86753
86755
86758
86760
86761
86764
86766
86767
86768
86769
86771
86772
86774
86776
86777
86778
86779
86781
86782
86783
86784
86785
86787
86789
86790
86791
86793
86795
86796
86797
86798
86799
86802
86803
86807
86811
86812
86813
86816
86817
86818
86819
86820
86821
86822
86823
86825
86826
86828
86830
86831
86832
86833
86834
86835
86836
86837
86838
86841
86843
86844
86846
86850
86851
86852
86853
86854
86857
86858
86862
86866
86867
86871
86873
86874
86877
86878
86880
86881
86883
86884
86885
86887
86890
86894
86895
86896
86902
86905
86909
86910
86911
86912
86913
86914
86916
86918
86919
86921
86922
86923
86924
86925
86926
86927
86928
86929
86930
86931
86935
86936
86937
86938
86941
86943
86946
86947
86950
86951
86953
86955
86957
86958
86959
86960
86961
86962
86963
86965
86966
86967
86969
86970
86972
86973
86975
86977
86979
86980
86981
86982
86983
86984
86986
86987
86989
86992
86993
86995
86996
86997
86999
87000
87001
87003
87004
87005
87006
87007
87008
87009
87010
87014
87019
87021
87022
87025
87027
87028
87029
87030
87032
87034
87035
87036
87038
87039
87040
87041
87044
87045
87046
87047
87048
87050
87051
87052
87054
87055
87057
87058
87060
87062
87065
87067
87068
87069
87070
87073
87074
87077
87078
87079
87081
87082
87083
87084
87085
87086
87087
87090
87091
87092
87094
87095
87096
87097
87098
87099
87100
87101
87102
87104
87106
87107
87108
87109
87110
87112
87113
87114
87115
87116
87117
87118
87122
87123
87126
87127
87129
87130
87131
87132
87133
87135
87136
87137
87138
87139
87141
87142
87143
87144
87148
87149
87150
87151
87153
87155
87156
87157
87159
87160
87162
87163
87164
87166
87167
87168
87169
87171
87172
87173
87175
87176
87177
87178
87181
87183
87185
87186
87189
87190
87191
87192
87194
87196
87197
87199
87201
87202
87203
87204
87205
87206
87207
87208
87209
87210
87211
87212
87215
87216
87219
87220
87222
87224
87228
87229
87230
87232
87234
87235
87236
87237
87239
87240
87241
87242
87246
87247
87248
87250
87256
87257
87260
87261
87262
87263
87264
87265
87268
87269
87272
87274
87275
87276
87277
87279
87281
87282
87283
87284
87285
87289
87290
87293
87294
87295
87297
87298
87299
87301
87302
87304
87305
87307
87309
87311
87313
87314
87315
87316
87318
87319
87320
87321
87322
87324
87325
87326
87328
87331
87332
87333
87334
87335
87336
87337
87340
87342
87343
87344
87346
87349
87350
87354
87357
87358
87359
87360
87362
87363
87365
87366
87368
87369
87370
87374
87375
87376
87377
87378
87379
87383
87384
87385
87387
87388
87389
87391
87393
87395
87396
87397
87399
87400
87402
87403
87404
87405
87407
87409
87410
87411
87414
87415
87416
87417
87419
87420
87421
87423
87424
87425
87426
87427
87429
87432
87436
87437
87438
87440
87441
87443
87445
87447
87449
87452
87454
87456
87459
87460
87462
87464
87465
87467
87469
87470
87472
87474
87475
87476
87478
87480
87481
87483
87485
87486
87487
87488
87490
87492
87493
87501
87502
87504
87505
87506
87507
87508
87509
87511
87513
87514
87515
87516
87517
87519
87520
87521
87524
87525
87526
87528
87530
87535
87536
87537
87538
87540
87541
87542
87543
87544
87545
87546
87547
87549
87551
87553
87555
87556
87558
87559
87560
87562
87563
87564
87566
87567
87568
87569
87570
87571
87572
87577
87581
87582
87583
87585
87586
87588
87590
87591
87593
87594
87595
87596
87597
87599
87600
87601
87604
87605
87606
87607
87608
87609
87613
87614
87618
87619
87620
87622
87623
87624
87626
87627
87628
87629
87631
87632
87634
87638
87640
87641
87642
87643
87644
87645
87646
87648
87649
87652
87654
87655
87656
87658
87659
87661
87662
87663
87664
87665
87666
87667
87669
87671
87672
87675
87677
87679
87681
87682
87683
87684
87685
87688
87689
87692
87693
87694
87696
87697
87698
87699
87700
87701
87705
87706
87709
87711
87714
87715
87716
87719
87723
87727
87728
87729
87732
87733
87734
87735
87736
87738
87739
87740
87742
87743
87744
87745
87746
87748
87749
87750
87752
87753
87756
87757
87760
87761
87763
87765
87766
87767
87770
87771
87772
87773
87775
87776
87777
87780
87781
87782
87783
87785
87789
87790
87791
87792
87794
87797
87798
87799
87800
87801
87802
87803
87804
87805
87806
87813
87815
87816
87823
87824
87825
87826
87827
87829
87830
87832
87833
87834
87835
87837
87838
87843
87844
87845
87851
87854
87855
87856
87857
87859
87860
87862
87863
87864
87869
87870
87871
87874
87876
87878
87879
87880
87881
87884
87885
87887
87888
87891
87892
87895
87896
87897
87899
87901
87902
87903
87905
87906
87907
87908
87910
87912
87913
87916
87917
87918
87919
87921
87923
87925
87926
87927
87928
87929
87931
87936
87937
87939
87941
87947
87948
87949
87953
87954
87955
87956
87957
87958
87962
87964
87965
87967
87969
87972
87973
87974
87975
87976
87977
87980
87981
87982
87983
87984
87985
87986
87993
87994
87995
87996
87997
87999
88000
88002
88003
88004
88005
88006
88011
88014
88015
88017
88018
88021
88023
88025
88026
88027
88028
88031
88033
88034
88035
88036
88038
88041
88042
88044
88045
88048
88051
88052
88054
88055
88056
88057
88058
88059
88061
88063
88065
88068
88070
88071
88072
88075
88079
88081
88082
88083
88086
88087
88089
88090
88094
88095
88097
88099
88100
88102
88105
88106
88108
88109
88110
88112
88116
88118
88119
88120
88122
88124
88125
88127
88129
88130
88135
88136
88137
88138
88141
88142
88145
88146
88147
88148
88149
88150
88151
88152
88154
88156
88160
88161
88163
88164
88166
88168
88170
88171
88173
88174
88177
88178
88181
88182
88183
88184
88185
88186
88189
88191
88192
88193
88197
88199
88202
88203
88206
88207
88208
88209
88210
88211
88213
88214
88217
88219
88220
88221
88224
88225
88226
88227
88230
88231
88233
88234
88235
88236
88237
88238
88239
88240
88241
88242
88243
88245
88246
88247
88248
88250
88251
88254
88256
88257
88258
88259
88260
88262
88263
88264
88267
88269
88270
88271
88272
88276
88277
88278
88279
88282
88283
88285
88286
88288
88289
88290
88291
88292
88293
88295
88296
88297
88298
88302
88303
88304
88305
88307
88310
88311
88312
88313
88315
88316
88319
88320
88322
88323
88324
88326
88327
88329
88330
88331
88333
88334
88335
88339
88340
88341
88344
88345
88346
88347
88349
88350
88352
88356
88359
88361
88362
88363
88364
88365
88367
88368
88369
88371
88372
88373
88376
88377
88379
88380
88381
88384
88385
88386
88387
88388
88389
88390
88392
88393
88394
88395
88396
88398
88400
88401
88402
88408
88410
88414
88417
88419
88421
88422
88423
88426
88428
88429
88430
88431
88432
88437
88438
88439
88440
88442
88443
88444
88445
88447
88448
88449
88450
88451
88454
88455
88456
88458
88459
88460
88466
88467
88468
88470
88471
88474
88475
88476
88477
88478
88483
88487
88488
88492
88493
88494
88495
88497
88499
88500
88501
88508
88511
88512
88515
88520
88521
88522
88523
88524
88525
88526
88527
88529
88531
88532
88533
88535
88536
88541
88542
88543
88544
88545
88547
88548
88549
88550
88553
88554
88555
88556
88557
88559
88561
88562
88563
88564
88565
88566
88567
88568
88571
88573
88575
88576
88581
88583
88585
88590
88592
88594
88599
88601
88603
88605
88607
88608
88610
88613
88615
88616
88617
88619
88620
88622
88624
88625
88628
88632
88633
88637
88645
88647
88649
88651
88653
88655
88657
88660
88661
88664
88665
88666
88667
88668
88669
88670
88671
88673
88674
88676
88677
88678
88680
88681
88683
88685
88687
88689
88690
88691
88694
88701
88702
88704
88705
88706
88708
88710
88712
88713
88714
88715
88716
88719
88721
88723
88724
88725
88726
88728
88733
88734
88737
88738
88739
88742
88743
88745
88746
88747
88748
88752
88754
88755
88756
88757
88758
88761
88762
88763
88764
88765
88766
88767
88768
88769
88770
88772
88773
88775
88780
88783
88786
88787
88788
88789
88791
88793
88794
88795
88800
88803
88804
88805
88806
88807
88808
88809
88810
88811
88812
88813
88814
88817
88819
88822
88823
88825
88826
88827
88829
88830
88831
88833
88837
88838
88839
88841
88842
88844
88845
88847
88849
88852
88854
88855
88856
88857
88861
88862
88863
88864
88865
88866
88867
88868
88869
88871
88872
88873
88874
88875
88876
88878
88879
88880
88883
88886
88892
88893
88895
88896
88899
88900
88901
88902
88904
88905
88906
88907
88910
88911
88912
88914
88915
88916
88917
88921
88922
88923
88925
88927
88930
88931
88934
88935
88937
88938
88939
88940
88941
88942
88945
88946
88948
88949
88950
88958
88964
88966
88968
88970
88971
88972
88974
88975
88976
88977
88980
88983
88984
88986
88989
88990
88991
88992
88993
88994
88995
88997
88998
88999
89000
89002
89003
89007
89008
89009
89011
89012
89014
89015
89020
89024
89027
89031
89034
89035
89036
89037
89038
89039
89040
89041
89043
89046
89047
89048
89051
89054
89056
89058
89061
89063
89066
89069
89070
89074
89075
89079
89082
89085
89087
89089
89091
89092
89093
89094
89097
89099
89102
89104
89105
89106
89108
89109
89110
89111
89112
89114
89116
89118
89122
89123
89125
89126
89127
89129
89130
89133
89136
89138
89142
89143
89144
89146
89147
89148
89150
89154
89156
89157
89159
89160
89161
89162
89164
89165
89166
89169
89172
89175
89176
89178
89179
89181
89182
89184
89186
89187
89189
89190
89191
89192
89193
89198
89199
89200
89203
89204
89205
89207
89208
89211
89212
89213
89217
89219
89220
89223
89224
89225
89230
89231
89232
89233
89234
89235
89236
89240
89242
89243
89248
89250
89253
89255
89256
89259
89260
89262
89263
89264
89265
89268
89269
89271
89276
89277
89278
89279
89280
89281
89282
89283
89284
89285
89286
89287
89288
89289
89291
89292
89293
89294
89295
89302
89303
89304
89305
89306
89307
89308
89309
89310
89311
89313
89314
89315
89316
89317
89318
89319
89321
89322
89324
89326
89327
89329
89330
89332
89333
89334
89335
89337
89338
89339
89341
89342
89343
89344
89345
89347
89348
89350
89351
89353
89355
89357
89359
89360
89361
89364
89365
89366
89368
89372
89374
89376
89378
89379
89380
89382
89387
89388
89389
89390
89391
89392
89393
89394
89396
89397
89398
89399
89400
89401
89402
89403
89406
89408
89415
89417
89418
89420
89421
89422
89426
89428
89429
89430
89431
89432
89435
89436
89442
89443
89444
89445
89451
89452
89453
89455
89456
89457
89459
89462
89463
89466
89467
89469
89471
89473
89474
89484
89488
89491
89492
89494
89496
89497
89498
89501
89502
89505
89507
89508
89509
89510
89511
89512
89514
89515
89516
89517
89519
89520
89523
89524
89526
89527
89528
89530
89532
89533
89534
89535
89536
89537
89538
89539
89540
89544
89545
89546
89547
89551
89552
89554
89555
89557
89558
89561
89563
89564
89565
89566
89569
89570
89571
89572
89573
89574
89575
89576
89578
89579
89582
89583
89584
89585
89586
89587
89588
89589
89590
89594
89595
89597
89598
89600
89602
89605
89606
89607
89608
89609
89610
89613
89615
89617
89618
89619
89622
89625
89626
89627
89630
89634
89635
89636
89637
89638
89640
89642
89643
89644
89646
89652
89653
89655
89656
89657
89658
89659
89662
89664
89670
89671
89672
89673
89674
89675
89676
89678
89679
89681
89684
89689
89691
89694
89695
89698
89699
89700
89701
89702
89703
89705
89706
89707
89710
89711
89712
89715
89716
89719
89720
89723
89726
89727
89728
89729
89732
89733
89734
89735
89737
89738
89739
89740
89741
89742
89743
89744
89746
89747
89751
89752
89756
89759
89761
89764
89765
89766
89767
89768
89769
89772
89773
89774
89775
89777
89778
89780
89782
89783
89784
89787
89788
89793
89794
89796
89798
89804
89806
89808
89810
89811
89812
89814
89816
89817
89819
89820
89821
89822
89824
89825
89826
89829
89830
89831
89833
89838
89839
89840
89841
89842
89843
89844
89845
89847
89848
89849
89850
89854
89855
89856
89858
89860
89861
89862
89864
89865
89866
89867
89868
89872
89873
89874
89875
89876
89877
89881
89883
89884
89885
89886
89892
89893
89894
89895
89896
89897
89898
89899
89900
89902
89903
89904
89905
89908
89909
89910
89911
89913
89914
89915
89916
89920
89921
89922
89923
89925
89926
89929
89932
89933
89935
89936
89939
89940
89941
89942
89943
89944
89945
89946
89947
89949
89950
89951
89957
89960
89961
89962
89963
89965
89966
89967
89969
89970
89974
89975
89977
89978
89980
89981
89982
89983
89985
89988
89996
89997
89999
90000
90002
90004
90005
90006
90007
90008
90009
90010
90013
90014
90019
90021
90022
90023
90024
90025
90026
90027
90032
90033
90034
90036
90037
90039
90040
90041
90044
90045
90048
90049
90052
90053
90055
90056
90057
90058
90059
90060
90061
90062
90063
90066
90067
90070
90072
90074
90077
90078
90080
90081
90083
90084
90085
90086
90087
90088
90089
90090
90091
90092
90093
90094
90096
90098
90099
90101
90103
90105
90106
90107
90108
90111
90113
90114
90115
90116
90118
90119
90123
90127
90128
90129
90130
90131
90133
90136
90138
90139
90141
90146
90148
90150
90152
90154
90155
90156
90158
90162
90163
90164
90166
90167
90169
90170
90172
90173
90175
90176
90178
90179
90183
90184
90186
90187
90189
90190
90192
90195
90196
90197
90198
90199
90200
90202
90204
90205
90207
90208
90211
90212
90213
90218
90219
90220
90222
90223
90224
90225
90229
90230
90231
90232
90233
90234
90236
90237
90238
90240
90241
90243
90244
90245
90246
90249
90251
90252
90253
90254
90256
90257
90258
90262
90264
90266
90267
90268
90269
90270
90271
90272
90274
90275
90276
90281
90284
90285
90286
90287
90288
90291
90293
90294
90295
90296
90297
90301
90303
90305
90306
90307
90309
90310
90311
90312
90313
90315
90316
90317
90318
90320
90321
90322
90327
90328
90329
90330
90331
90333
90335
90336
90339
90341
90344
90345
90349
90351
90352
90353
90355
90357
90358
90361
90362
90367
90369
90370
90371
90375
90377
90380
90382
90383
90384
90386
90388
90389
90391
90396
90397
90398
90400
90401
90403
90404
90405
90406
90407
90408
90410
90411
90412
90413
90414
90418
90419
90421
90422
90426
90427
90430
90431
90435
90436
90437
90438
90439
90440
90441
90442
90444
90446
90447
90449
90450
90452
90453
90455
90456
90458
90459
90460
90461
90462
90464
90466
90469
90470
90471
90475
90477
90478
90479
90480
90481
90483
90484
90486
90487
90488
90489
90491
90492
90494
90495
90496
90498
90500
90501
90502
90503
90504
90506
90508
90510
90511
90512
90513
90515
90516
90517
90518
90519
90520
90522
90525
90527
90528
90529
90532
90535
90537
90539
90540
90541
90542
90544
90547
90548
90549
90551
90552
90555
90558
90559
90563
90564
90565
90566
90567
90568
90570
90572
90573
90575
90577
90578
90580
90581
90583
90584
90585
90587
90591
90592
90593
90594
90595
90597
90598
90599
90600
90601
90602
90603
90604
90605
90606
90607
90613
90615
90618
90619
90620
90621
90622
90624
90626
90627
90628
90631
90632
90635
90636
90637
90638
90641
90642
90643
90645
90646
90647
90651
90652
90653
90661
90663
90664
90665
90666
90667
90668
90670
90671
90675
90677
90678
90679
90680
90683
90685
90686
90688
90689
90690
90691
90692
90693
90694
90695
90699
90700
90702
90703
90705
90706
90707
90708
90710
90711
90712
90715
90716
90717
90718
90719
90721
90722
90723
90724
90725
90726
90727
90728
90729
90730
90731
90732
90733
90735
90738
90740
90741
90744
90749
90750
90751
90752
90753
90754
90756
90757
90758
90759
90761
90763
90765
90767
90768
90771
90772
90773
90774
90777
90779
90780
90781
90782
90783
90784
90786
90787
90788
90791
90793
90794
90795
90797
90798
90800
90801
90802
90804
90807
90809
90813
90814
90816
90818
90819
90820
90821
90822
90825
90827
90829
90830
90831
90832
90833
90834
90835
90836
90840
90841
90842
90843
90844
90845
90846
90847
90848
90849
90851
90852
90853
90855
90856
90858
90859
90860
90861
90862
90863
90864
90866
90867
90868
90869
90870
90872
90877
90878
90881
90883
90887
90892
90894
90895
90896
90897
90898
90899
90901
90902
90904
90905
90906
90907
90908
90911
90912
90917
90918
90919
90922
90924
90926
90927
90928
90934
90935
90936
90937
90938
90939
90941
90945
90946
90947
90950
90951
90953
90954
90955
90957
90958
90959
90960
90961
90962
90963
90966
90967
90968
90969
90970
90974
90976
90978
90979
90983
90984
90985
90986
90987
90993
91000
91001
91002
91003
91005
91006
91007
91009
91010
91011
91012
91013
91014
91015
91016
91017
91018
91020
91021
91022
91027
91030
91031
91032
91034
91036
91037
91039
91041
91042
91044
91045
91046
91048
91051
91052
91053
91054
91059
91060
91061
91062
91063
91065
91070
91071
91072
91074
91075
91076
91077
91078
91079
91083
91086
91087
91091
91093
91094
91095
91096
91098
91101
91103
91104
91107
91108
91109
91110
91112
91114
91115
91116
91117
91118
91120
91121
91124
91125
91126
91127
91128
91130
91131
91132
91133
91134
91135
91136
91137
91142
91143
91145
91146
91149
91150
91151
91152
91153
91155
91161
91162
91163
91164
91165
91166
91167
91168
91170
91172
91175
91177
91178
91181
91183
91185
91186
91187
91188
91190
91191
91197
91200
91201
91202
91203
91204
91206
91207
91208
91209
91213
91214
91215
91216
91217
91220
91223
91224
91225
91227
91229
91232
91233
91234
91235
91236
91237
91240
91242
91244
91245
91246
91247
91248
91252
91253
91255
91256
91257
91258
91259
91260
91261
91263
91264
91265
91266
91268
91272
91274
91276
91278
91279
91280
91281
91282
91283
91284
91285
91286
91287
91288
91289
91291
91293
91294
91295
91296
91298
91299
91300
91303
91304
91306
91307
91308
91309
91311
91312
91313
91314
91315
91317
91320
91322
91323
91325
91326
91327
91328
91332
91334
91335
91336
91338
91342
91345
91349
91351
91353
91357
91358
91360
91361
91362
91363
91365
91368
91369
91371
91373
91374
91375
91377
91379
91381
91382
91383
91386
91388
91389
91392
91394
91395
91399
91401
91402
91403
91404
91405
91406
91407
91408
91409
91410
91411
91412
91415
91417
91418
91419
91420
91422
91424
91426
91427
91428
91431
91432
91433
91435
91437
91438
91439
91440
91441
91442
91443
91445
91446
91447
91449
91451
91452
91453
91455
91456
91457
91459
91460
91462
91463
91465
91466
91467
91468
91469
91476
91478
91481
91482
91484
91485
91486
91489
91492
91494
91495
91496
91497
91499
91500
91501
91503
91504
91505
91507
91508
91509
91511
91515
91516
91519
91520
91521
91522
91523
91524
91530
91531
91533
91534
91536
91537
91539
91540
91541
91542
91543
91544
91545
91547
91548
91550
91552
91553
91554
91556
91557
91560
91561
91562
91564
91565
91566
91568
91569
91571
91572
91574
91576
91577
91578
91579
91580
91581
91584
91585
91586
91587
91588
91589
91590
91591
91594
91595
91597
91598
91599
91600
91604
91605
91606
91607
91609
91610
91611
91612
91613
91615
91616
91617
91618
91620
91622
91625
91626
91627
91628
91629
91630
91631
91632
91633
91637
91638
91641
91642
91644
91646
91648
91650
91652
91654
91657
91660
91661
91662
91664
91665
91666
91667
91668
91669
91671
91672
91673
91674
91678
91682
91683
91686
91687
91689
91690
91691
91692
91695
91699
91700
91701
91703
91704
91706
91707
91709
91714
91715
91716
91717
91720
91721
91724
91725
91728
91730
91733
91734
91735
91736
91738
91739
91741
91742
91744
91745
91747
91749
91753
91755
91756
91757
91758
91761
91763
91764
91765
